<?xml version="1.0" encoding="utf-8"?>
<ISP>
   <Linner>
      <Base>
         <FSWDR>0,0</FSWDR>
         <TopParam>0</TopParam>
         <ExposureAttr>
            <ExpStep>16</ExpStep>
            <ExpTolerance>10</ExpTolerance>
            <ExpCompensation>61,58,55,52,49,46,43,40,37,35,35,35,35,35,35,35</ExpCompensation>
            <ExpTimeMax>39939,39939,39939,39939,39939,39939,39939,39939,39939,39939,39939,39939,39939,39939,39939,39939</ExpTimeMax>
            <ExpTimeMin>51,51,51,51,51,51,51,51,51,51,51,51,51,51,51,51</ExpTimeMin>
            <SysGainMax>2057660,2057660,2057660,2057660,2057660,2057660,2057660,2057660,2057660,2057660,2057660,2057660,2057660,2057660,2057660,2057660</SysGainMax>
            <SysGainMin>1024,1024,1024,1024,1024,1024,1024,1024,1024,1024,1024,1024,1024,1024,1024,1024</SysGainMin>
         </ExposureAttr>
         <DN_S>
            <StSenseLow>1000,0,300,0</StSenseLow>
            <stSenseNormal>800,0,450,0</stSenseNormal>
            <stSenseHigh>700,0,600,0</stSenseHigh>
         </DN_S>
         <Saturation>
            <Saturation_CSC>128, 128, 124, 120, 116, 110, 106, 100, 90, 80, 80, 80, 80, 80, 80, 80</Saturation_CSC>
            <Saturation_CCM>128, 128, 128, 128, 128, 128, 128, 128, 128, 128, 128, 128, 128, 128, 128, 128</Saturation_CCM>
         </Saturation>
         <Sharpen>
            <Enable>1</Enable>
            <OpType>1</OpType>
            <SharpenUd>23, 21, 19, 17, 14, 12, 11, 10, 10, 10, 10, 10, 10, 5, 5, 5</SharpenUd>
            <SharpenD>100, 110, 120, 140, 150, 170, 190, 200, 220, 220, 220, 230, 250, 200, 200, 200</SharpenD>
            <TextureThr>0, 0, 0, 0, 0, 0, 0, 0, 0, 0, 0, 0, 0, 0, 0, 0</TextureThr>
            <SharpenEdge>80, 80, 80, 72, 72, 70, 70, 70, 110, 120, 120, 120, 120, 120, 120, 120</SharpenEdge>
            <EdgeThr>80, 80, 80, 80, 80, 80, 90, 90, 120, 150, 150, 130, 150, 150, 150, 150</EdgeThr>
            <OverShoot>150, 150, 150, 150, 140, 130, 120, 100, 80, 80, 80, 80, 80, 80, 80, 80</OverShoot>
            <UnderShoot>200, 200, 200, 200, 170, 150, 120, 100, 80, 80, 80, 80, 80, 80, 80, 80</UnderShoot>
            <ShootSupStr>33, 33, 33, 33, 16, 0, 0, 0, 0, 0, 0, 0, 0, 0, 0, 0</ShootSupStr>
            <DetailCtrl>128, 128, 128, 128, 128, 118, 118, 108, 80, 80, 78, 50, 50, 50, 40, 30</DetailCtrl>
         </Sharpen>
         <VPSS_Sharpen>
            <OpType>1</OpType>
            <SharpenUd>0, 0, 0, 0, 0, 0, 0, 0, 0, 0, 0, 0, 0, 0, 0, 0</SharpenUd>
            <SharpenD>0, 0, 0, 0, 0, 0, 0, 0, 0, 0, 0, 0, 0, 0, 0, 0</SharpenD>
            <TextureThr>0, 0, 0, 0, 0, 0, 0, 0, 0, 0, 0, 0, 0, 0, 0, 0</TextureThr>
            <SharpenEdge>0, 0, 0, 0, 0, 0, 0, 0, 0, 0, 0, 0, 0, 0, 0, 0</SharpenEdge>
            <EdgeThd>0, 0, 0, 0, 0, 0, 0, 0, 0, 0, 0, 0, 0, 0, 0, 0</EdgeThd>
            <OverShoot>0, 0, 0, 0, 0, 0, 0, 0, 0, 0, 0, 0, 0, 0, 0, 0</OverShoot>
            <UnderShoot>0, 0, 0, 0, 0, 0, 0, 0, 0, 0, 0, 0, 0, 0, 0, 0</UnderShoot>
            <ShootSupStr>0, 0, 0, 0, 0, 0, 0, 0, 0, 0, 0, 0, 0, 0, 0, 0</ShootSupStr>
            <DetailCtrl>128, 128, 128, 128, 128, 128, 128, 128, 128, 128, 128, 128, 128, 128, 128, 128</DetailCtrl>
         </VPSS_Sharpen>
         <NR>
            <Enable>1</Enable>
            <CoarseStr_R>140, 140, 140, 140, 140, 140, 140, 140, 140, 140, 140, 140, 140, 140, 140, 140</CoarseStr_R>
            <CoarseStr_Gr>110, 110, 110, 110, 110, 110, 110, 110, 110, 110, 110, 110, 110, 110, 110, 110</CoarseStr_Gr>
            <CoarseStr_Gb>110, 110, 110, 110, 110, 110, 110, 110, 110, 110, 110, 110, 110, 110, 110, 110</CoarseStr_Gb>
            <CoarseStr_B>140, 140, 140, 140, 140, 140, 140, 140, 140, 140, 140, 140, 140, 140, 140, 140</CoarseStr_B>
            <CoringRatio>300, 350, 400, 450, 500, 550, 650, 650, 700, 700, 700, 700, 700, 700, 700, 700, 800, 800, 800, 850, 850, 850, 900, 900, 900, 950, 950, 950, 1000, 1000, 1000, 1000, 1000</CoringRatio>
            <OpType>1</OpType>
            <ChromaStr_R>1, 1, 1, 1, 2, 2, 2, 3, 3, 3, 3, 3, 3, 3, 3, 3</ChromaStr_R>
            <ChromaStr_Gr>0, 0, 0, 0, 1, 1, 1, 2, 2, 2, 2, 2, 3, 3, 3, 3</ChromaStr_Gr>
            <ChromaStr_Gb>0, 0, 0, 0, 1, 1, 1, 2, 2, 2, 2, 2, 3, 3, 3, 3</ChromaStr_Gb>
            <ChromaStr_B>1, 1, 1, 1, 2, 2, 2, 3, 3, 3, 3, 3, 3, 3, 3, 3</ChromaStr_B>
            <FineStr>20, 20, 30, 30, 20, 20, 20, 30, 30, 30, 35, 35, 35, 40, 40, 50</FineStr>
            <CoringWeight>1200, 1100, 1000, 1000, 1000, 1000, 900, 900, 850, 800, 750, 750, 750, 750, 750, 750</CoringWeight>
            <WDRCoarseStr_1>16, 16, 16, 16, 16, 16, 16, 16, 16, 16, 16, 16, 16, 16, 16, 16</WDRCoarseStr_1>
            <WDRCoarseStr_2>40, 40, 40, 40, 40, 40, 40, 40, 40, 40, 40, 40, 40, 40, 40, 40</WDRCoarseStr_2>
         </NR>
         <NR3D>
            <IES0>0, 0, 0, 0, 0, 0, 0, 0, 0, 0, 0, 0, 0, 0, 0, 0</IES0>
            <SBS0>120, 140, 180, 180, 180, 180, 190, 190, 210, 220, 230, 230, 240, 248, 248, 248</SBS0>
            <SBS1>20, 0, 0, 0, 0, 30, 40, 40, 40, 60, 60, 70, 70, 160, 160, 160</SBS1>
            <SBS2>100, 100, 100, 150, 160, 160, 180, 150, 150, 160, 200, 200, 200, 210, 210, 210</SBS2>
            <SBS3>0, 0, 0, 0, 0, 30, 40, 40, 40, 60, 60, 70, 70, 160, 160, 160</SBS3>
            <SDS0>120, 140, 180, 180, 180, 180, 190, 190, 210, 220, 230, 230, 240, 248, 248, 248</SDS0>
            <SDS1>100, 100, 100, 150, 160, 160, 180, 150, 150, 160, 200, 200, 200, 210, 210, 210</SDS1>
            <SDS2>20, 0, 0, 0, 0, 30, 40, 40, 40, 60, 60, 70, 70, 160, 160, 160</SDS2>
            <SDS3>0, 0, 0, 0, 0, 30, 40, 40, 40, 60, 60, 70, 70, 160, 160, 160</SDS3>
            <STH0>104, 104, 110, 116, 128, 130, 135, 135, 135, 136, 142, 142, 145, 148, 160, 148</STH0>
            <STH1>104, 104, 110, 116, 128, 130, 135, 135, 135, 136, 142, 142, 145, 148, 160, 148</STH1>
            <STH2>104, 104, 110, 116, 128, 130, 135, 135, 135, 136, 142, 142, 145, 148, 160, 148</STH2>
            <STH3>104, 104, 110, 116, 128, 130, 135, 135, 135, 136, 142, 142, 145, 148, 160, 148</STH3>
            <MDP>2, 2, 2, 2, 2, 2, 2, 2, 2, 2, 2, 2, 2, 2, 2, 2</MDP>
            <MATH1>92, 95, 98, 108, 116, 122, 128, 135, 143, 145, 160, 170, 176, 176, 176, 180</MATH1>
            <MATH2>92, 95, 98, 108, 116, 122, 128, 135, 143, 145, 160, 170, 176, 176, 176, 180</MATH2>
            <Pro3>0, 0, 0, 0, 0, 0, 0, 0, 0, 0, 0, 0, 0, 0, 0, 0</Pro3>
            <MDDZ1>32, 32, 32, 32, 32, 32, 32, 64, 64, 64, 64, 64, 64, 64, 64, 64</MDDZ1>
            <MDDZ2>32, 32, 32, 32, 32, 32, 32, 64, 64, 64, 64, 64, 64, 64, 64, 64</MDDZ2>
            <TFS1>7, 7, 7, 7, 8, 8, 8, 8, 8, 9, 10, 10, 10, 10, 10, 10</TFS1>
            <TFS2>7, 7, 7, 7, 8, 8, 8, 8, 8, 9, 10, 10, 10, 10, 10, 10</TFS2>
            <SFC>16, 16, 64, 96, 128, 192, 192, 192, 192, 255, 255, 255, 255, 255, 255, 255</SFC>
            <TFC>0, 4, 6, 6, 7, 10, 12, 16, 20, 24, 28, 32, 32, 32, 32, 32</TFC>
            <TPC>0, 4, 6, 6, 7, 10, 12, 16, 20, 24, 28, 32, 32, 32, 32, 32</TPC>
            <TRC>10, 10, 12, 14, 16, 32, 100, 100, 150, 200, 220, 255, 255, 255, 255, 255</TRC>
            <LNTH>0, 0, 0, 0, 0, 0, 0, 0, 0, 0, 0, 0, 0, 0, 0, 0</LNTH>
         </NR3D>
         <DemosaicAttr>
            <Enable>1</Enable>
            <OpType>1</OpType>
            <EdgeSmoothThr>16, 16, 16, 256, 256, 512, 1022, 1022, 1022, 1022, 1022, 1022, 1022, 1022, 1022, 1022</EdgeSmoothThr>
            <EdgeSmoothSlope>32, 32, 32, 3, 3, 0, 0, 0, 0, 0, 0, 0, 0, 0, 0, 0</EdgeSmoothSlope>
            <AntiAliasThr>53, 53, 53, 86, 112, 112, 1022, 1022, 1022, 1022, 1022, 1022, 1022, 1022, 1022, 1022</AntiAliasThr>
            <AntiAliasSlope>256, 256, 256, 256, 256, 256, 0, 0, 0, 0, 0, 0, 0, 0, 0, 0</AntiAliasSlope>
            <NrCoarseStr>128, 128, 128, 64, 64, 32, 16, 16, 16, 16, 16, 16, 16, 16, 16, 16</NrCoarseStr>
            <DetailEnhanceStr>4, 4, 4, 4, 2, 1, 0, 0, 0, 0, 0, 0, 0, 0, 0, 0</DetailEnhanceStr>
            <SharpenLumaStr>256, 256, 256, 256, 256, 256, 256, 256, 256, 256, 256, 256, 256, 256, 256, 256</SharpenLumaStr>
            <NoiseSuppressStr>4, 6, 8, 10, 12, 14, 16, 18, 20, 22, 24, 26, 28, 30, 32, 36</NoiseSuppressStr>
            <ColorNoiseCtrlThr>0, 0, 0, 0, 0, 0, 0, 0, 0, 0, 0, 0, 0, 0, 0, 0</ColorNoiseCtrlThr>
         </DemosaicAttr>
         <CSC>
            <Contrast>0, 0, 0, 0, 0, 5, 10, 15, 20, 20, 20, 20, 25, 25, 25, 30</Contrast>
            <LumaVal>0, 0, 0, 0, 0, 0, 0, -8, -16, -24, -30, -30, -30, -30, -30, -30</LumaVal>
         </CSC>
         <CAC>
            <Enable>1</Enable>
            <PurpleDetRange>100, 100, 100, 100, 100, 100, 100, 100, 100, 100, 100, 100, 100, 100, 100, 100</PurpleDetRange>
            <VarThr>0, 0, 0, 0, 0, 0, 0, 0, 0, 0, 0, 0, 0, 0, 0, 0</VarThr>
            <OpType>1</OpType>
            <DePurpleCrStr>8, 8, 8, 8, 8, 8, 8, 8, 8, 8, 8, 8, 8, 8, 8, 8</DePurpleCrStr>
            <DePurpleCbStr>8, 8, 8, 8, 8, 8, 8, 8, 8, 8, 8, 8, 8, 8, 8, 8</DePurpleCbStr>
         </CAC>
         <DRC>
            <Enable>1</Enable>
            <SpatialVar>6, 6, 6, 6, 6, 6, 6, 6, 6, 6, 6, 6, 6, 6, 6, 6</SpatialVar>
            <RangeVar>8, 8, 8, 8, 8, 8, 8, 8, 8, 8, 8, 8, 8, 8, 8, 8</RangeVar>
            <Asymmetry>2, 2, 2, 2, 2, 2, 2, 2, 2, 2, 2, 2, 2, 2, 2, 2</Asymmetry>
            <SecondPole>180, 180, 180, 180, 180, 180, 180, 180, 180, 180, 180, 180, 180, 180, 180, 180</SecondPole>
            <Stretch>54, 54, 54, 54, 54, 54, 54, 54, 54, 54, 54, 54, 54, 54, 54, 54</Stretch>
            <Compress>180, 180, 180, 180, 180, 180, 180, 180, 180, 180, 180, 180, 180, 180, 180, 180</Compress>
            <PDStrength>35, 35, 35, 35, 35, 35, 35, 35, 35, 35, 35, 35, 35, 35, 35, 35</PDStrength>
            <LocalMixingBrigtht>45, 45, 45, 45, 45, 45, 45, 45, 45, 45, 45, 45, 45, 45, 45, 45</LocalMixingBrigtht>
            <LocalMixingDark>45, 45, 45, 45, 45, 45, 45, 45, 45, 45, 45, 45, 45, 45, 45, 45</LocalMixingDark>
            <ColorCorrectionLut>1024, 1024, 1024, 1024, 1024, 1024, 1024, 1024, 1024, 1024, 1024, 1024, 1024, 1024, 1024, 1024, 1024, 1024, 1024, 1024, 1024, 1024, 1024, 1024, 1024, 1024, 1024, 1024, 1024, 1024, 1024, 1024, 1024</ColorCorrectionLut>
            <OpType>1</OpType>
            <Strength>0, 0, 0, 0, 0, 0, 0, 0, 0, 0, 0, 0, 0, 0, 0, 0</Strength>
         </DRC>
         <DP_Dynamic>
            <Enable>1</Enable>
            <SupTwinkleEn>1</SupTwinkleEn>
            <SoftThr>10, 10, 10, 10, 10, 10, 10, 10, 10, 10, 10, 10, 10, 10, 10, 10</SoftThr>
            <SoftSlope>18, 18, 18, 18, 18, 18, 18, 18, 18, 18, 18, 18, 18, 18, 18, 18</SoftSlope>
            <ISP_OP_TYPE_E>1</ISP_OP_TYPE_E>
            <Strength>200, 200, 200, 200, 220, 220, 220, 220, 220, 220, 152, 152, 152, 152, 152, 152</Strength>
            <BlendRatio>0, 0, 0, 0, 0, 0, 0, 0, 0, 0, 50, 50, 50, 50, 50, 50</BlendRatio>
         </DP_Dynamic>
         <DEFOG>
            <Enable>0</Enable>
            <Strength>128, 128, 128, 128, 128, 128, 128, 128, 128, 128, 128, 128, 128, 128, 128, 128</Strength>
         </DEFOG>
         <DCI>
            <Enable>0</Enable>
            <BlackStretchEn>0</BlackStretchEn>
            <ManBlendEn>0</ManBlendEn>
            <BlackGain>32, 32, 32, 32, 32, 32, 32, 32, 32, 32, 32, 32, 32, 32, 32, 32</BlackGain>
            <ContrastGain>32, 32, 32, 32, 32, 32, 32, 32, 32, 32, 32, 32, 32, 32, 32, 32</ContrastGain>
            <LightGain>32, 32, 32, 32, 32, 32, 32, 32, 32, 32, 32, 32, 32, 32, 32, 32</LightGain>
            <BlendRatio>0</BlendRatio>
         </DCI>
         <BLC>
            <Blc_R>64, 64, 64, 64, 64, 64, 64, 64, 64, 64, 64, 64, 64, 64, 64, 64</Blc_R>
            <Blc_Gr>64, 64, 64, 64, 64, 64, 64, 64, 64, 64, 64, 64, 64, 64, 64, 64</Blc_Gr>
            <Blc_Gb>64, 64, 64, 64, 64, 64, 64, 64, 64, 64, 64, 64, 64, 64, 64, 64</Blc_Gb>
            <Blc_B>64, 64, 64, 64, 64, 64, 64, 64, 64, 64, 64, 64, 64, 64, 64, 64</Blc_B>
         </BLC>
      </Base>
      <Day>
      </Day>
      <Night>
      </Night>
      <OBJ>
         <ExposureAttr>
            <ExpStep>16</ExpStep>
            <ExpTolerance>10</ExpTolerance>
            <ExpCompensation>47,47,47,47,47,47,47,47,47,47,47,47,47,47,47,47</ExpCompensation>
            <ExpTimeMax>39939,39939,39939,39939,39939,39939,39939,39939,39939,39939,39939,39939,39939,39939,39939,39939</ExpTimeMax>
            <ExpTimeMin>51,51,51,51,51,51,51,51,51,51,51,51,51,51,51,51</ExpTimeMin>
            <SysGainMax>2057660,2057660,2057660,2057660,2057660,2057660,2057660,2057660,2057660,2057660,2057660,2057660,2057660,2057660,2057660,2057660</SysGainMax>
            <SysGainMin>1024,1024,1024,1024,1024,1024,1024,1024,1024,1024,1024,1024,1024,1024,1024,1024</SysGainMin>
         </ExposureAttr>
         <Saturation>
            <Saturation_CSC>110,110,110,110,110,110,110,110,110,110,110,110,110,110,110,110</Saturation_CSC>
            <Saturation_CCM>128, 128, 128, 128, 128, 128, 128, 128, 128, 128, 128, 128, 128, 128, 128, 128</Saturation_CCM>
         </Saturation>
      </OBJ>
      <Zoom>
      </Zoom>
      <Focus>
      </Focus>
   </Linner>
   <WDR>
      <Base>
         <FSWDR>0,0</FSWDR>
         <TopParam>0</TopParam>
         <ExposureAttr>
            <ExpStep>16</ExpStep>
            <ExpTolerance>10</ExpTolerance>
            <ExpCompensation>40,40,40,40,40,40,40,40,40,40,40,40,40,40,40,40</ExpCompensation>
            <ExpTimeMax>39939,39939,39939,39939,39939,39939,39939,39939,39939,39939,39939,39939,39939,39939,39939,39939</ExpTimeMax>
            <ExpTimeMin>51,51,51,51,51,51,51,51,51,51,51,51,51,51,51,51</ExpTimeMin>
            <SysGainMax>2057660,2057660,2057660,2057660,2057660,2057660,2057660,2057660,2057660,2057660,2057660,2057660,2057660,2057660,2057660,2057660</SysGainMax>
            <SysGainMin>1024,1024,1024,1024,1024,1024,1024,1024,1024,1024,1024,1024,1024,1024,1024,1024</SysGainMin>
         </ExposureAttr>
         <DN_S>
            <StSenseLow>1000,0,300,0</StSenseLow>
            <stSenseNormal>800,0,450,0</stSenseNormal>
            <stSenseHigh>700,0,600,0</stSenseHigh>
         </DN_S>
         <Saturation>
            <Saturation_CSC>128, 128, 124, 120, 116, 110, 106, 100, 90, 80, 80, 80, 80, 80, 80, 80</Saturation_CSC>
            <Saturation_CCM>128, 128, 128, 128, 128, 128, 128, 128, 128, 128, 128, 128, 128, 128, 128, 128</Saturation_CCM>
         </Saturation>
         <Sharpen>
            <Enable>1</Enable>
            <OpType>1</OpType>
            <SharpenUd>23, 21, 19, 17, 14, 12, 11, 10, 10, 10, 10, 10, 10, 5, 5, 5</SharpenUd>
            <SharpenD>100, 110, 120, 140, 150, 170, 190, 200, 220, 220, 220, 230, 250, 200, 200, 200</SharpenD>
            <TextureThr>0, 0, 0, 0, 0, 0, 0, 0, 0, 0, 0, 0, 0, 0, 0, 0</TextureThr>
            <SharpenEdge>80, 80, 80, 72, 72, 70, 70, 70, 110, 120, 120, 120, 120, 120, 120, 120</SharpenEdge>
            <EdgeThr>80, 80, 80, 80, 80, 80, 90, 90, 120, 150, 150, 130, 150, 150, 150, 150</EdgeThr>
            <OverShoot>150, 150, 150, 150, 140, 130, 120, 100, 80, 80, 80, 80, 80, 80, 80, 80</OverShoot>
            <UnderShoot>200, 200, 200, 200, 170, 150, 120, 100, 80, 80, 80, 80, 80, 80, 80, 80</UnderShoot>
            <ShootSupStr>33, 33, 33, 33, 16, 0, 0, 0, 0, 0, 0, 0, 0, 0, 0, 0</ShootSupStr>
            <DetailCtrl>128, 128, 128, 128, 128, 118, 118, 108, 80, 80, 78, 50, 50, 50, 40, 30</DetailCtrl>
         </Sharpen>
         <VPSS_Sharpen>
            <OpType>1</OpType>
            <SharpenUd>0, 0, 0, 0, 0, 0, 0, 0, 0, 0, 0, 0, 0, 0, 0, 0</SharpenUd>
            <SharpenD>0, 0, 0, 0, 0, 0, 0, 0, 0, 0, 0, 0, 0, 0, 0, 0</SharpenD>
            <TextureThr>0, 0, 0, 0, 0, 0, 0, 0, 0, 0, 0, 0, 0, 0, 0, 0</TextureThr>
            <SharpenEdge>0, 0, 0, 0, 0, 0, 0, 0, 0, 0, 0, 0, 0, 0, 0, 0</SharpenEdge>
            <EdgeThd>0, 0, 0, 0, 0, 0, 0, 0, 0, 0, 0, 0, 0, 0, 0, 0</EdgeThd>
            <OverShoot>0, 0, 0, 0, 0, 0, 0, 0, 0, 0, 0, 0, 0, 0, 0, 0</OverShoot>
            <UnderShoot>0, 0, 0, 0, 0, 0, 0, 0, 0, 0, 0, 0, 0, 0, 0, 0</UnderShoot>
            <ShootSupStr>0, 0, 0, 0, 0, 0, 0, 0, 0, 0, 0, 0, 0, 0, 0, 0</ShootSupStr>
            <DetailCtrl>128, 128, 128, 128, 128, 128, 128, 128, 128, 128, 128, 128, 128, 128, 128, 128</DetailCtrl>
         </VPSS_Sharpen>
         <NR>
            <Enable>1</Enable>
            <CoarseStr_R>140, 140, 140, 140, 140, 140, 140, 140, 140, 140, 140, 140, 140, 140, 140, 140</CoarseStr_R>
            <CoarseStr_Gr>110, 110, 110, 110, 110, 110, 110, 110, 110, 110, 110, 110, 110, 110, 110, 110</CoarseStr_Gr>
            <CoarseStr_Gb>110, 110, 110, 110, 110, 110, 110, 110, 110, 110, 110, 110, 110, 110, 110, 110</CoarseStr_Gb>
            <CoarseStr_B>140, 140, 140, 140, 140, 140, 140, 140, 140, 140, 140, 140, 140, 140, 140, 140</CoarseStr_B>
            <CoringRatio>300, 350, 400, 450, 500, 550, 650, 650, 700, 700, 700, 700, 700, 700, 700, 700, 800, 800, 800, 850, 850, 850, 900, 900, 900, 950, 950, 950, 1000, 1000, 1000, 1000, 1000</CoringRatio>
            <OpType>1</OpType>
            <ChromaStr_R>1, 1, 1, 1, 2, 2, 2, 3, 3, 3, 3, 3, 3, 3, 3, 3</ChromaStr_R>
            <ChromaStr_Gr>0, 0, 0, 0, 1, 1, 1, 2, 2, 2, 2, 2, 3, 3, 3, 3</ChromaStr_Gr>
            <ChromaStr_Gb>0, 0, 0, 0, 1, 1, 1, 2, 2, 2, 2, 2, 3, 3, 3, 3</ChromaStr_Gb>
            <ChromaStr_B>1, 1, 1, 1, 2, 2, 2, 3, 3, 3, 3, 3, 3, 3, 3, 3</ChromaStr_B>
            <FineStr>20, 20, 30, 30, 20, 20, 20, 30, 30, 30, 35, 35, 35, 40, 40, 50</FineStr>
            <CoringWeight>1200, 1100, 1000, 1000, 1000, 1000, 900, 900, 850, 800, 750, 750, 750, 750, 750, 750</CoringWeight>
            <WDRCoarseStr_1>16, 16, 16, 16, 16, 16, 16, 16, 16, 16, 16, 16, 16, 16, 16, 16</WDRCoarseStr_1>
            <WDRCoarseStr_2>40, 40, 40, 40, 40, 40, 40, 40, 40, 40, 40, 40, 40, 40, 40, 40</WDRCoarseStr_2>
         </NR>
         <NR3D>
            <IES0>0, 0, 0, 0, 0, 0, 0, 0, 0, 0, 0, 0, 0, 0, 0, 0</IES0>
            <SBS0>120, 140, 180, 180, 180, 180, 190, 190, 210, 220, 230, 230, 240, 248, 248, 248</SBS0>
            <SBS1>20, 0, 0, 0, 0, 30, 40, 40, 40, 60, 60, 70, 70, 160, 160, 160</SBS1>
            <SBS2>100, 100, 100, 150, 160, 160, 180, 150, 150, 160, 200, 200, 200, 210, 210, 210</SBS2>
            <SBS3>0, 0, 0, 0, 0, 30, 40, 40, 40, 60, 60, 70, 70, 160, 160, 160</SBS3>
            <SDS0>120, 140, 180, 180, 180, 180, 190, 190, 210, 220, 230, 230, 240, 248, 248, 248</SDS0>
            <SDS1>100, 100, 100, 150, 160, 160, 180, 150, 150, 160, 200, 200, 200, 210, 210, 210</SDS1>
            <SDS2>20, 0, 0, 0, 0, 30, 40, 40, 40, 60, 60, 70, 70, 160, 160, 160</SDS2>
            <SDS3>0, 0, 0, 0, 0, 30, 40, 40, 40, 60, 60, 70, 70, 160, 160, 160</SDS3>
            <STH0>104, 104, 110, 116, 128, 130, 135, 135, 135, 136, 142, 142, 145, 148, 160, 148</STH0>
            <STH1>104, 104, 110, 116, 128, 130, 135, 135, 135, 136, 142, 142, 145, 148, 160, 148</STH1>
            <STH2>104, 104, 110, 116, 128, 130, 135, 135, 135, 136, 142, 142, 145, 148, 160, 148</STH2>
            <STH3>104, 104, 110, 116, 128, 130, 135, 135, 135, 136, 142, 142, 145, 148, 160, 148</STH3>
            <MDP>2, 2, 2, 2, 2, 2, 2, 2, 2, 2, 2, 2, 2, 2, 2, 2</MDP>
            <MATH1>92, 95, 98, 108, 116, 122, 128, 135, 143, 145, 160, 170, 176, 176, 176, 180</MATH1>
            <MATH2>92, 95, 98, 108, 116, 122, 128, 135, 143, 145, 160, 170, 176, 176, 176, 180</MATH2>
            <Pro3>0, 0, 0, 0, 0, 0, 0, 0, 0, 0, 0, 0, 0, 0, 0, 0</Pro3>
            <MDDZ1>32, 32, 32, 32, 32, 32, 32, 64, 64, 64, 64, 64, 64, 64, 64, 64</MDDZ1>
            <MDDZ2>32, 32, 32, 32, 32, 32, 32, 64, 64, 64, 64, 64, 64, 64, 64, 64</MDDZ2>
            <TFS1>7, 7, 7, 7, 8, 8, 8, 8, 8, 9, 10, 10, 10, 10, 10, 10</TFS1>
            <TFS2>7, 7, 7, 7, 8, 8, 8, 8, 8, 9, 10, 10, 10, 10, 10, 10</TFS2>
            <SFC>16, 16, 64, 96, 128, 192, 192, 192, 192, 255, 255, 255, 255, 255, 255, 255</SFC>
            <TFC>0, 4, 6, 6, 7, 10, 12, 16, 20, 24, 28, 32, 32, 32, 32, 32</TFC>
            <TPC>0, 4, 6, 6, 7, 10, 12, 16, 20, 24, 28, 32, 32, 32, 32, 32</TPC>
            <TRC>10, 10, 12, 14, 16, 32, 100, 100, 150, 200, 220, 255, 255, 255, 255, 255</TRC>
            <LNTH>0, 0, 0, 0, 0, 0, 0, 0, 0, 0, 0, 0, 0, 0, 0, 0</LNTH>
         </NR3D>
         <DemosaicAttr>
            <Enable>1</Enable>
            <OpType>1</OpType>
            <EdgeSmoothThr>16, 16, 16, 256, 256, 512, 1022, 1022, 1022, 1022, 1022, 1022, 1022, 1022, 1022, 1022</EdgeSmoothThr>
            <EdgeSmoothSlope>32, 32, 32, 3, 3, 0, 0, 0, 0, 0, 0, 0, 0, 0, 0, 0</EdgeSmoothSlope>
            <AntiAliasThr>53, 53, 53, 86, 112, 112, 1022, 1022, 1022, 1022, 1022, 1022, 1022, 1022, 1022, 1022</AntiAliasThr>
            <AntiAliasSlope>256, 256, 256, 256, 256, 256, 0, 0, 0, 0, 0, 0, 0, 0, 0, 0</AntiAliasSlope>
            <NrCoarseStr>128, 128, 128, 64, 64, 32, 16, 16, 16, 16, 16, 16, 16, 16, 16, 16</NrCoarseStr>
            <DetailEnhanceStr>4, 4, 4, 4, 2, 1, 0, 0, 0, 0, 0, 0, 0, 0, 0, 0</DetailEnhanceStr>
            <SharpenLumaStr>256, 256, 256, 256, 256, 256, 256, 256, 256, 256, 256, 256, 256, 256, 256, 256</SharpenLumaStr>
            <NoiseSuppressStr>4, 6, 8, 10, 12, 14, 16, 18, 20, 22, 24, 26, 28, 30, 32, 36</NoiseSuppressStr>
            <ColorNoiseCtrlThr>0, 0, 0, 0, 0, 0, 0, 0, 0, 0, 0, 0, 0, 0, 0, 0</ColorNoiseCtrlThr>
         </DemosaicAttr>
         <CSC>
            <Contrast>0, 0, 0, 0, 0, 5, 10, 15, 20, 20, 20, 20, 25, 25, 25, 30</Contrast>
            <LumaVal>0, 0, 0, 0, 0, 0, 0, -8, -16, -24, -30, -30, -30, -30, -30, -30</LumaVal>
         </CSC>
         <CAC>
            <Enable>1</Enable>
            <PurpleDetRange>100, 100, 100, 100, 100, 100, 100, 100, 100, 100, 100, 100, 100, 100, 100, 100</PurpleDetRange>
            <VarThr>0, 0, 0, 0, 0, 0, 0, 0, 0, 0, 0, 0, 0, 0, 0, 0</VarThr>
            <OpType>1</OpType>
            <DePurpleCrStr>8, 8, 8, 8, 8, 8, 8, 8, 8, 8, 8, 8, 8, 8, 8, 8</DePurpleCrStr>
            <DePurpleCbStr>8, 8, 8, 8, 8, 8, 8, 8, 8, 8, 8, 8, 8, 8, 8, 8</DePurpleCbStr>
         </CAC>
         <DRC>
            <Enable>1</Enable>
            <SpatialVar>4, 4, 4, 4, 4, 4, 4, 4, 4, 4, 4, 4, 4, 4, 4, 4</SpatialVar>
            <RangeVar>6, 6, 6, 6, 6, 6, 6, 6, 6, 6, 6, 6, 6, 6, 6, 6</RangeVar>
            <Asymmetry>5, 5, 5, 5, 5, 5, 5, 5, 5, 5, 5, 5, 5, 5, 5, 5</Asymmetry>
            <SecondPole>200, 200, 200, 200, 200, 200, 200, 200, 200, 200, 200, 200, 200, 200, 200, 200</SecondPole>
            <Stretch>40, 40, 40, 40, 40, 40, 40, 40, 40, 40, 40, 40, 40, 40, 40, 40</Stretch>
            <Compress>100, 100, 100, 100, 100, 100, 100, 100, 100, 100, 100, 100, 100, 100, 100, 100</Compress>
            <PDStrength>35, 35, 35, 35, 35, 35, 35, 35, 35, 35, 35, 35, 35, 35, 35, 35</PDStrength>
            <LocalMixingBrigtht>64, 64, 64, 64, 64, 64, 64, 64, 64, 64, 64, 64, 64, 64, 64, 64</LocalMixingBrigtht>
            <LocalMixingDark>20, 20, 20, 20, 20, 20, 20, 20, 20, 20, 20, 20, 20, 20, 20, 20</LocalMixingDark>
            <ColorCorrectionLut>1024, 1024, 1024, 1024, 1024, 1024, 1024, 1024, 1024, 1024, 1024, 1024, 1024, 1024, 1024, 1024, 1024, 768, 768, 768, 768, 768, 768, 768, 768, 512, 512, 512, 512, 512, 512, 512, 512</ColorCorrectionLut>
            <OpType>1</OpType>
            <Strength>90, 90, 90, 90, 90, 90, 90, 90, 90, 90, 90, 90, 90, 90, 90, 90</Strength>
         </DRC>
         <DP_Dynamic>
            <Enable>1</Enable>
            <SupTwinkleEn>1</SupTwinkleEn>
            <SoftThr>10, 10, 10, 10, 10, 10, 10, 10, 10, 10, 10, 10, 10, 10, 10, 10</SoftThr>
            <SoftSlope>18, 18, 18, 18, 18, 18, 18, 18, 18, 18, 18, 18, 18, 18, 18, 18</SoftSlope>
            <ISP_OP_TYPE_E>1</ISP_OP_TYPE_E>
            <Strength>200, 200, 200, 200, 220, 220, 220, 220, 220, 220, 152, 152, 152, 152, 152, 152</Strength>
            <BlendRatio>0, 0, 0, 0, 0, 0, 0, 0, 0, 0, 50, 50, 50, 50, 50, 50</BlendRatio>
         </DP_Dynamic>
         <DEFOG>
            <Enable>0</Enable>
            <Strength>128, 128, 128, 128, 128, 128, 128, 128, 128, 128, 128, 128, 128, 128, 128, 128</Strength>
         </DEFOG>
         <DCI>
            <Enable>0</Enable>
            <BlackStretchEn>0</BlackStretchEn>
            <ManBlendEn>0</ManBlendEn>
            <BlackGain>32, 32, 32, 32, 32, 32, 32, 32, 32, 32, 32, 32, 32, 32, 32, 32</BlackGain>
            <ContrastGain>32, 32, 32, 32, 32, 32, 32, 32, 32, 32, 32, 32, 32, 32, 32, 32</ContrastGain>
            <LightGain>32, 32, 32, 32, 32, 32, 32, 32, 32, 32, 32, 32, 32, 32, 32, 32</LightGain>
            <BlendRatio>0</BlendRatio>
         </DCI>
         <BLC>
            <Blc_R>64, 64, 64, 64, 64, 64, 64, 64, 64, 64, 64, 64, 64, 64, 64, 64</Blc_R>
            <Blc_Gr>64, 64, 64, 64, 64, 64, 64, 64, 64, 64, 64, 64, 64, 64, 64, 64</Blc_Gr>
            <Blc_Gb>64, 64, 64, 64, 64, 64, 64, 64, 64, 64, 64, 64, 64, 64, 64, 64</Blc_Gb>
            <Blc_B>64, 64, 64, 64, 64, 64, 64, 64, 64, 64, 64, 64, 64, 64, 64, 64</Blc_B>
         </BLC>
      </Base>
      <Level1>
      </Level1>
      <Level2>
         <DRC>
            <Enable>1</Enable>
            <SpatialVar>4, 4, 4, 4, 4, 4, 4, 4, 4, 4, 4, 4, 4, 4, 4, 4</SpatialVar>
            <RangeVar>6, 6, 6, 6, 6, 6, 6, 6, 6, 6, 6, 6, 6, 6, 6, 6</RangeVar>
            <Asymmetry>5, 5, 5, 5, 5, 5, 5, 5, 5, 5, 5, 5, 5, 5, 5, 5</Asymmetry>
            <SecondPole>200, 200, 200, 200, 200, 200, 200, 200, 200, 200, 200, 200, 200, 200, 200, 200</SecondPole>
            <Stretch>40, 40, 40, 40, 40, 40, 40, 40, 40, 40, 40, 40, 40, 40, 40, 40</Stretch>
            <Compress>100, 100, 100, 100, 100, 100, 100, 100, 100, 100, 100, 100, 100, 100, 100, 100</Compress>
            <PDStrength>35, 35, 35, 35, 35, 35, 35, 35, 35, 35, 35, 35, 35, 35, 35, 35</PDStrength>
            <LocalMixingBrigtht>64, 64, 64, 64, 64, 64, 64, 64, 64, 64, 64, 64, 64, 64, 64, 64</LocalMixingBrigtht>
            <LocalMixingDark>20, 20, 20, 20, 20, 20, 20, 20, 20, 20, 20, 20, 20, 20, 20, 20</LocalMixingDark>
            <ColorCorrectionLut>1024, 1024, 1024, 1024, 1024, 1024, 1024, 1024, 1024, 1024, 1024, 1024, 1024, 1024, 1024, 1024, 1024, 768, 768, 768, 768, 768, 768, 768, 768, 512, 512, 512, 512, 512, 512, 512, 512</ColorCorrectionLut>
            <OpType>1</OpType>
            <Strength>120, 120, 120, 120, 120, 120, 120, 120, 120, 120, 120, 120, 120, 120, 120, 120</Strength>
         </DRC>
      </Level2>
      <Level3>
         <DRC>
            <Enable>1</Enable>
            <SpatialVar>4, 4, 4, 4, 4, 4, 4, 4, 4, 4, 4, 4, 4, 4, 4, 4</SpatialVar>
            <RangeVar>6, 6, 6, 6, 6, 6, 6, 6, 6, 6, 6, 6, 6, 6, 6, 6</RangeVar>
            <Asymmetry>5, 5, 5, 5, 5, 5, 5, 5, 5, 5, 5, 5, 5, 5, 5, 5</Asymmetry>
            <SecondPole>200, 200, 200, 200, 200, 200, 200, 200, 200, 200, 200, 200, 200, 200, 200, 200</SecondPole>
            <Stretch>40, 40, 40, 40, 40, 40, 40, 40, 40, 40, 40, 40, 40, 40, 40, 40</Stretch>
            <Compress>100, 100, 100, 100, 100, 100, 100, 100, 100, 100, 100, 100, 100, 100, 100, 100</Compress>
            <PDStrength>35, 35, 35, 35, 35, 35, 35, 35, 35, 35, 35, 35, 35, 35, 35, 35</PDStrength>
            <LocalMixingBrigtht>64, 64, 64, 64, 64, 64, 64, 64, 64, 64, 64, 64, 64, 64, 64, 64</LocalMixingBrigtht>
            <LocalMixingDark>20, 20, 20, 20, 20, 20, 20, 20, 20, 20, 20, 20, 20, 20, 20, 20</LocalMixingDark>
            <ColorCorrectionLut>1024, 1024, 1024, 1024, 1024, 1024, 1024, 1024, 1024, 1024, 1024, 1024, 1024, 1024, 1024, 1024, 1024, 768, 768, 768, 768, 768, 768, 768, 768, 512, 512, 512, 512, 512, 512, 512, 512</ColorCorrectionLut>
            <OpType>1</OpType>
            <Strength>150, 150, 150, 150, 150, 150, 150, 150, 150, 150, 150, 150, 150, 150, 150, 150</Strength>
         </DRC>
      </Level3>
      <Level4>
         <FSWDR>1,64</FSWDR>
         <ExposureAttr>
            <ExpStep>16</ExpStep>
            <ExpTolerance>10</ExpTolerance>
            <ExpCompensation>128,128,128,128,128,128,128,128,128,128,128,128,128,128,128,128</ExpCompensation>
            <ExpTimeMax>39939,39939,39939,39939,39939,39939,39939,39939,39939,39939,39939,39939,39939,39939,39939,39939</ExpTimeMax>
            <ExpTimeMin>51,51,51,51,51,51,51,51,51,51,51,51,51,51,51,51</ExpTimeMin>
            <SysGainMax>2057660,2057660,2057660,2057660,2057660,2057660,2057660,2057660,2057660,2057660,2057660,2057660,2057660,2057660,2057660,2057660</SysGainMax>
            <SysGainMin>1024,1024,1024,1024,1024,1024,1024,1024,1024,1024,1024,1024,1024,1024,1024,1024</SysGainMin>
         </ExposureAttr>
         <DRC>
            <Enable>1</Enable>
            <SpatialVar>4, 4, 4, 4, 4, 4, 4, 4, 4, 4, 4, 4, 4, 4, 4, 4</SpatialVar>
            <RangeVar>6, 6, 6, 6, 6, 6, 6, 6, 6, 6, 6, 6, 6, 6, 6, 6</RangeVar>
            <Asymmetry>5, 5, 5, 5, 5, 5, 5, 5, 5, 5, 5, 5, 5, 5, 5, 5</Asymmetry>
            <SecondPole>200, 200, 200, 200, 200, 200, 200, 200, 200, 200, 200, 200, 200, 200, 200, 200</SecondPole>
            <Stretch>40, 40, 40, 40, 40, 40, 40, 40, 40, 40, 40, 40, 40, 40, 40, 40</Stretch>
            <Compress>100, 100, 100, 100, 100, 100, 100, 100, 100, 100, 100, 100, 100, 100, 100, 100</Compress>
            <PDStrength>35, 35, 35, 35, 35, 35, 35, 35, 35, 35, 35, 35, 35, 35, 35, 35</PDStrength>
            <LocalMixingBrigtht>64, 64, 64, 64, 64, 64, 64, 64, 64, 64, 64, 64, 64, 64, 64, 64</LocalMixingBrigtht>
            <LocalMixingDark>20, 20, 20, 20, 20, 20, 20, 20, 20, 20, 20, 20, 20, 20, 20, 20</LocalMixingDark>
            <ColorCorrectionLut>1024, 1024, 1024, 1024, 1024, 1024, 1024, 1024, 1024, 1024, 1024, 1024, 1024, 1024, 1024, 1024, 1024, 768, 768, 768, 768, 768, 768, 768, 768, 512, 512, 512, 512, 512, 512, 512, 512</ColorCorrectionLut>
            <OpType>1</OpType>
            <Strength>90, 90, 90, 90, 90, 90, 90, 90, 90, 90, 90, 90, 90, 90, 90, 90</Strength>
         </DRC>         
      </Level4>
      <Level5>
         <FSWDR>1,64</FSWDR>
         <ExposureAttr>
            <ExpStep>16</ExpStep>
            <ExpTolerance>10</ExpTolerance>
            <ExpCompensation>128,128,128,128,128,128,128,128,128,128,128,128,128,128,128,128</ExpCompensation>
            <ExpTimeMax>39939,39939,39939,39939,39939,39939,39939,39939,39939,39939,39939,39939,39939,39939,39939,39939</ExpTimeMax>
            <ExpTimeMin>51,51,51,51,51,51,51,51,51,51,51,51,51,51,51,51</ExpTimeMin>
            <SysGainMax>2057660,2057660,2057660,2057660,2057660,2057660,2057660,2057660,2057660,2057660,2057660,2057660,2057660,2057660,2057660,2057660</SysGainMax>
            <SysGainMin>1024,1024,1024,1024,1024,1024,1024,1024,1024,1024,1024,1024,1024,1024,1024,1024</SysGainMin>
         </ExposureAttr>
         <DRC>
            <Enable>1</Enable>
            <SpatialVar>4, 4, 4, 4, 4, 4, 4, 4, 4, 4, 4, 4, 4, 4, 4, 4</SpatialVar>
            <RangeVar>6, 6, 6, 6, 6, 6, 6, 6, 6, 6, 6, 6, 6, 6, 6, 6</RangeVar>
            <Asymmetry>5, 5, 5, 5, 5, 5, 5, 5, 5, 5, 5, 5, 5, 5, 5, 5</Asymmetry>
            <SecondPole>200, 200, 200, 200, 200, 200, 200, 200, 200, 200, 200, 200, 200, 200, 200, 200</SecondPole>
            <Stretch>40, 40, 40, 40, 40, 40, 40, 40, 40, 40, 40, 40, 40, 40, 40, 40</Stretch>
            <Compress>100, 100, 100, 100, 100, 100, 100, 100, 100, 100, 100, 100, 100, 100, 100, 100</Compress>
            <PDStrength>35, 35, 35, 35, 35, 35, 35, 35, 35, 35, 35, 35, 35, 35, 35, 35</PDStrength>
            <LocalMixingBrigtht>64, 64, 64, 64, 64, 64, 64, 64, 64, 64, 64, 64, 64, 64, 64, 64</LocalMixingBrigtht>
            <LocalMixingDark>20, 20, 20, 20, 20, 20, 20, 20, 20, 20, 20, 20, 20, 20, 20, 20</LocalMixingDark>
            <ColorCorrectionLut>1024, 1024, 1024, 1024, 1024, 1024, 1024, 1024, 1024, 1024, 1024, 1024, 1024, 1024, 1024, 1024, 1024, 768, 768, 768, 768, 768, 768, 768, 768, 512, 512, 512, 512, 512, 512, 512, 512</ColorCorrectionLut>
            <OpType>1</OpType>
            <Strength>120, 120, 120, 120, 120, 120, 120, 120, 120, 120, 120, 120, 120, 120, 120, 120</Strength>
         </DRC>          
      </Level5>
      <Level6>
         <FSWDR>1,64</FSWDR>
         <ExposureAttr>
            <ExpStep>16</ExpStep>
            <ExpTolerance>10</ExpTolerance>
            <ExpCompensation>128,128,128,128,128,128,128,128,128,128,128,128,128,128,128,128</ExpCompensation>
            <ExpTimeMax>39939,39939,39939,39939,39939,39939,39939,39939,39939,39939,39939,39939,39939,39939,39939,39939</ExpTimeMax>
            <ExpTimeMin>51,51,51,51,51,51,51,51,51,51,51,51,51,51,51,51</ExpTimeMin>
            <SysGainMax>2057660,2057660,2057660,2057660,2057660,2057660,2057660,2057660,2057660,2057660,2057660,2057660,2057660,2057660,2057660,2057660</SysGainMax>
            <SysGainMin>1024,1024,1024,1024,1024,1024,1024,1024,1024,1024,1024,1024,1024,1024,1024,1024</SysGainMin>
         </ExposureAttr>
         <DRC>
            <Enable>1</Enable>
            <SpatialVar>4, 4, 4, 4, 4, 4, 4, 4, 4, 4, 4, 4, 4, 4, 4, 4</SpatialVar>
            <RangeVar>6, 6, 6, 6, 6, 6, 6, 6, 6, 6, 6, 6, 6, 6, 6, 6</RangeVar>
            <Asymmetry>5, 5, 5, 5, 5, 5, 5, 5, 5, 5, 5, 5, 5, 5, 5, 5</Asymmetry>
            <SecondPole>200, 200, 200, 200, 200, 200, 200, 200, 200, 200, 200, 200, 200, 200, 200, 200</SecondPole>
            <Stretch>40, 40, 40, 40, 40, 40, 40, 40, 40, 40, 40, 40, 40, 40, 40, 40</Stretch>
            <Compress>100, 100, 100, 100, 100, 100, 100, 100, 100, 100, 100, 100, 100, 100, 100, 100</Compress>
            <PDStrength>35, 35, 35, 35, 35, 35, 35, 35, 35, 35, 35, 35, 35, 35, 35, 35</PDStrength>
            <LocalMixingBrigtht>64, 64, 64, 64, 64, 64, 64, 64, 64, 64, 64, 64, 64, 64, 64, 64</LocalMixingBrigtht>
            <LocalMixingDark>20, 20, 20, 20, 20, 20, 20, 20, 20, 20, 20, 20, 20, 20, 20, 20</LocalMixingDark>
            <ColorCorrectionLut>1024, 1024, 1024, 1024, 1024, 1024, 1024, 1024, 1024, 1024, 1024, 1024, 1024, 1024, 1024, 1024, 1024, 768, 768, 768, 768, 768, 768, 768, 768, 512, 512, 512, 512, 512, 512, 512, 512</ColorCorrectionLut>
            <OpType>1</OpType>
            <Strength>130, 130, 130, 130, 130, 130, 130, 130, 130, 130, 130, 130, 130, 130, 130, 130</Strength>
         </DRC>          
      </Level6>
      <Level7>
         <FSWDR>1,64</FSWDR>
         <ExposureAttr>
            <ExpStep>16</ExpStep>
            <ExpTolerance>10</ExpTolerance>
            <ExpCompensation>128,128,128,128,128,128,128,128,128,128,128,128,128,128,128,128</ExpCompensation>
            <ExpTimeMax>39939,39939,39939,39939,39939,39939,39939,39939,39939,39939,39939,39939,39939,39939,39939,39939</ExpTimeMax>
            <ExpTimeMin>51,51,51,51,51,51,51,51,51,51,51,51,51,51,51,51</ExpTimeMin>
            <SysGainMax>2057660,2057660,2057660,2057660,2057660,2057660,2057660,2057660,2057660,2057660,2057660,2057660,2057660,2057660,2057660,2057660</SysGainMax>
            <SysGainMin>1024,1024,1024,1024,1024,1024,1024,1024,1024,1024,1024,1024,1024,1024,1024,1024</SysGainMin>
         </ExposureAttr>
         <DRC>
            <Enable>1</Enable>
            <SpatialVar>4, 4, 4, 4, 4, 4, 4, 4, 4, 4, 4, 4, 4, 4, 4, 4</SpatialVar>
            <RangeVar>6, 6, 6, 6, 6, 6, 6, 6, 6, 6, 6, 6, 6, 6, 6, 6</RangeVar>
            <Asymmetry>5, 5, 5, 5, 5, 5, 5, 5, 5, 5, 5, 5, 5, 5, 5, 5</Asymmetry>
            <SecondPole>200, 200, 200, 200, 200, 200, 200, 200, 200, 200, 200, 200, 200, 200, 200, 200</SecondPole>
            <Stretch>40, 40, 40, 40, 40, 40, 40, 40, 40, 40, 40, 40, 40, 40, 40, 40</Stretch>
            <Compress>100, 100, 100, 100, 100, 100, 100, 100, 100, 100, 100, 100, 100, 100, 100, 100</Compress>
            <PDStrength>35, 35, 35, 35, 35, 35, 35, 35, 35, 35, 35, 35, 35, 35, 35, 35</PDStrength>
            <LocalMixingBrigtht>64, 64, 64, 64, 64, 64, 64, 64, 64, 64, 64, 64, 64, 64, 64, 64</LocalMixingBrigtht>
            <LocalMixingDark>20, 20, 20, 20, 20, 20, 20, 20, 20, 20, 20, 20, 20, 20, 20, 20</LocalMixingDark>
            <ColorCorrectionLut>1024, 1024, 1024, 1024, 1024, 1024, 1024, 1024, 1024, 1024, 1024, 1024, 1024, 1024, 1024, 1024, 1024, 768, 768, 768, 768, 768, 768, 768, 768, 512, 512, 512, 512, 512, 512, 512, 512</ColorCorrectionLut>
            <OpType>1</OpType>
            <Strength>140, 140, 140, 140, 140, 140, 140, 140, 140, 140, 140, 140, 140, 140, 140, 140</Strength>
         </DRC>          
      </Level7>
      <Level8>
         <FSWDR>1,64</FSWDR>
         <ExposureAttr>
            <ExpStep>16</ExpStep>
            <ExpTolerance>10</ExpTolerance>
            <ExpCompensation>128,128,128,128,128,128,128,128,128,128,128,128,128,128,128,128</ExpCompensation>
            <ExpTimeMax>39939,39939,39939,39939,39939,39939,39939,39939,39939,39939,39939,39939,39939,39939,39939,39939</ExpTimeMax>
            <ExpTimeMin>51,51,51,51,51,51,51,51,51,51,51,51,51,51,51,51</ExpTimeMin>
            <SysGainMax>2057660,2057660,2057660,2057660,2057660,2057660,2057660,2057660,2057660,2057660,2057660,2057660,2057660,2057660,2057660,2057660</SysGainMax>
            <SysGainMin>1024,1024,1024,1024,1024,1024,1024,1024,1024,1024,1024,1024,1024,1024,1024,1024</SysGainMin>
         </ExposureAttr>
         <DRC>
            <Enable>1</Enable>
            <SpatialVar>4, 4, 4, 4, 4, 4, 4, 4, 4, 4, 4, 4, 4, 4, 4, 4</SpatialVar>
            <RangeVar>6, 6, 6, 6, 6, 6, 6, 6, 6, 6, 6, 6, 6, 6, 6, 6</RangeVar>
            <Asymmetry>5, 5, 5, 5, 5, 5, 5, 5, 5, 5, 5, 5, 5, 5, 5, 5</Asymmetry>
            <SecondPole>200, 200, 200, 200, 200, 200, 200, 200, 200, 200, 200, 200, 200, 200, 200, 200</SecondPole>
            <Stretch>40, 40, 40, 40, 40, 40, 40, 40, 40, 40, 40, 40, 40, 40, 40, 40</Stretch>
            <Compress>100, 100, 100, 100, 100, 100, 100, 100, 100, 100, 100, 100, 100, 100, 100, 100</Compress>
            <PDStrength>35, 35, 35, 35, 35, 35, 35, 35, 35, 35, 35, 35, 35, 35, 35, 35</PDStrength>
            <LocalMixingBrigtht>64, 64, 64, 64, 64, 64, 64, 64, 64, 64, 64, 64, 64, 64, 64, 64</LocalMixingBrigtht>
            <LocalMixingDark>20, 20, 20, 20, 20, 20, 20, 20, 20, 20, 20, 20, 20, 20, 20, 20</LocalMixingDark>
            <ColorCorrectionLut>1024, 1024, 1024, 1024, 1024, 1024, 1024, 1024, 1024, 1024, 1024, 1024, 1024, 1024, 1024, 1024, 1024, 768, 768, 768, 768, 768, 768, 768, 768, 512, 512, 512, 512, 512, 512, 512, 512</ColorCorrectionLut>
            <OpType>1</OpType>
            <Strength>155, 155, 155, 155, 155, 155, 155, 155, 155, 155, 155, 155, 155, 155, 155, 155</Strength>
         </DRC>          
      </Level8>
      <Level9>
         <FSWDR>1,64</FSWDR>
         <ExposureAttr>
            <ExpStep>16</ExpStep>
            <ExpTolerance>10</ExpTolerance>
            <ExpCompensation>128,128,128,128,128,128,128,128,128,128,128,128,128,128,128,128</ExpCompensation>
            <ExpTimeMax>39939,39939,39939,39939,39939,39939,39939,39939,39939,39939,39939,39939,39939,39939,39939,39939</ExpTimeMax>
            <ExpTimeMin>51,51,51,51,51,51,51,51,51,51,51,51,51,51,51,51</ExpTimeMin>
            <SysGainMax>2057660,2057660,2057660,2057660,2057660,2057660,2057660,2057660,2057660,2057660,2057660,2057660,2057660,2057660,2057660,2057660</SysGainMax>
            <SysGainMin>1024,1024,1024,1024,1024,1024,1024,1024,1024,1024,1024,1024,1024,1024,1024,1024</SysGainMin>
         </ExposureAttr>
         <DRC>
            <Enable>1</Enable>
            <SpatialVar>4, 4, 4, 4, 4, 4, 4, 4, 4, 4, 4, 4, 4, 4, 4, 4</SpatialVar>
            <RangeVar>6, 6, 6, 6, 6, 6, 6, 6, 6, 6, 6, 6, 6, 6, 6, 6</RangeVar>
            <Asymmetry>5, 5, 5, 5, 5, 5, 5, 5, 5, 5, 5, 5, 5, 5, 5, 5</Asymmetry>
            <SecondPole>200, 200, 200, 200, 200, 200, 200, 200, 200, 200, 200, 200, 200, 200, 200, 200</SecondPole>
            <Stretch>40, 40, 40, 40, 40, 40, 40, 40, 40, 40, 40, 40, 40, 40, 40, 40</Stretch>
            <Compress>100, 100, 100, 100, 100, 100, 100, 100, 100, 100, 100, 100, 100, 100, 100, 100</Compress>
            <PDStrength>35, 35, 35, 35, 35, 35, 35, 35, 35, 35, 35, 35, 35, 35, 35, 35</PDStrength>
            <LocalMixingBrigtht>64, 64, 64, 64, 64, 64, 64, 64, 64, 64, 64, 64, 64, 64, 64, 64</LocalMixingBrigtht>
            <LocalMixingDark>20, 20, 20, 20, 20, 20, 20, 20, 20, 20, 20, 20, 20, 20, 20, 20</LocalMixingDark>
            <ColorCorrectionLut>1024, 1024, 1024, 1024, 1024, 1024, 1024, 1024, 1024, 1024, 1024, 1024, 1024, 1024, 1024, 1024, 1024, 768, 768, 768, 768, 768, 768, 768, 768, 512, 512, 512, 512, 512, 512, 512, 512</ColorCorrectionLut>
            <OpType>1</OpType>
            <Strength>170, 170, 170, 170, 170, 170, 170, 170, 170, 170, 170, 170, 170, 170, 170, 170</Strength>
         </DRC>          
      </Level9>
   </WDR>
   <HLC>
      <Base>
         <FSWDR>0,0</FSWDR>
         <TopParam>0</TopParam>
         <ExposureAttr>
            <ExpStep>16</ExpStep>
            <ExpTolerance>10</ExpTolerance>
            <ExpCompensation>62,61,60,58,56,53,50,48,46,44,42,40,40,40,40,40</ExpCompensation>
            <ExpTimeMax>39939,39939,39939,39939,39939,39939,39939,39939,39939,39939,39939,39939,39939,39939,39939,39939</ExpTimeMax>
            <ExpTimeMin>51,51,51,51,51,51,51,51,51,51,51,51,51,51,51,51</ExpTimeMin>
            <SysGainMax>8192,8192,8192,8192,8192,8192,8192,8192,8192,8192,8192,8192,8192,8192,8192,8192</SysGainMax>
            <SysGainMin>1024,1024,1024,1024,1024,1024,1024,1024,1024,1024,1024,1024,1024,1024,1024,1024</SysGainMin>
         </ExposureAttr>
         <DN_S>
            <StSenseLow>1000,0,300,0</StSenseLow>
            <stSenseNormal>800,0,450,0</stSenseNormal>
            <stSenseHigh>700,0,600,0</stSenseHigh>
         </DN_S>
         <Saturation>
            <Saturation_CSC>128, 128, 124, 120, 116, 110, 106, 100, 90, 80, 80, 80, 80, 80, 80, 80</Saturation_CSC>
            <Saturation_CCM>128, 128, 128, 128, 128, 128, 128, 128, 128, 128, 128, 128, 128, 128, 128, 128</Saturation_CCM>
         </Saturation>
         <Sharpen>
            <Enable>1</Enable>
            <OpType>1</OpType>
            <SharpenUd>23, 21, 19, 17, 14, 12, 11, 10, 10, 10, 10, 10, 10, 5, 5, 5</SharpenUd>
            <SharpenD>100, 110, 120, 140, 150, 170, 190, 200, 220, 220, 220, 230, 250, 200, 200, 200</SharpenD>
            <TextureThr>0, 0, 0, 0, 0, 0, 0, 0, 0, 0, 0, 0, 0, 0, 0, 0</TextureThr>
            <SharpenEdge>80, 80, 80, 72, 72, 70, 70, 70, 110, 120, 120, 120, 120, 120, 120, 120</SharpenEdge>
            <EdgeThr>80, 80, 80, 80, 80, 80, 90, 90, 120, 150, 150, 130, 150, 150, 150, 150</EdgeThr>
            <OverShoot>150, 150, 150, 150, 140, 130, 120, 100, 80, 80, 80, 80, 80, 80, 80, 80</OverShoot>
            <UnderShoot>200, 200, 200, 200, 170, 150, 120, 100, 80, 80, 80, 80, 80, 80, 80, 80</UnderShoot>
            <ShootSupStr>33, 33, 33, 33, 16, 0, 0, 0, 0, 0, 0, 0, 0, 0, 0, 0</ShootSupStr>
            <DetailCtrl>128, 128, 128, 128, 128, 118, 118, 108, 80, 80, 78, 50, 50, 50, 40, 30</DetailCtrl>
         </Sharpen>
         <VPSS_Sharpen>
            <OpType>1</OpType>
            <SharpenUd>0, 0, 0, 0, 0, 0, 0, 0, 0, 0, 0, 0, 0, 0, 0, 0</SharpenUd>
            <SharpenD>0, 0, 0, 0, 0, 0, 0, 0, 0, 0, 0, 0, 0, 0, 0, 0</SharpenD>
            <TextureThr>0, 0, 0, 0, 0, 0, 0, 0, 0, 0, 0, 0, 0, 0, 0, 0</TextureThr>
            <SharpenEdge>0, 0, 0, 0, 0, 0, 0, 0, 0, 0, 0, 0, 0, 0, 0, 0</SharpenEdge>
            <EdgeThd>0, 0, 0, 0, 0, 0, 0, 0, 0, 0, 0, 0, 0, 0, 0, 0</EdgeThd>
            <OverShoot>0, 0, 0, 0, 0, 0, 0, 0, 0, 0, 0, 0, 0, 0, 0, 0</OverShoot>
            <UnderShoot>0, 0, 0, 0, 0, 0, 0, 0, 0, 0, 0, 0, 0, 0, 0, 0</UnderShoot>
            <ShootSupStr>0, 0, 0, 0, 0, 0, 0, 0, 0, 0, 0, 0, 0, 0, 0, 0</ShootSupStr>
            <DetailCtrl>128, 128, 128, 128, 128, 128, 128, 128, 128, 128, 128, 128, 128, 128, 128, 128</DetailCtrl>
         </VPSS_Sharpen>
         <NR>
            <Enable>1</Enable>
            <CoarseStr_R>140, 140, 140, 140, 140, 140, 140, 140, 140, 140, 140, 140, 140, 140, 140, 140</CoarseStr_R>
            <CoarseStr_Gr>110, 110, 110, 110, 110, 110, 110, 110, 110, 110, 110, 110, 110, 110, 110, 110</CoarseStr_Gr>
            <CoarseStr_Gb>110, 110, 110, 110, 110, 110, 110, 110, 110, 110, 110, 110, 110, 110, 110, 110</CoarseStr_Gb>
            <CoarseStr_B>140, 140, 140, 140, 140, 140, 140, 140, 140, 140, 140, 140, 140, 140, 140, 140</CoarseStr_B>
            <CoringRatio>300, 350, 400, 450, 500, 550, 650, 650, 700, 700, 700, 700, 700, 700, 700, 700, 800, 800, 800, 850, 850, 850, 900, 900, 900, 950, 950, 950, 1000, 1000, 1000, 1000, 1000</CoringRatio>
            <OpType>1</OpType>
            <ChromaStr_R>1, 1, 1, 1, 2, 2, 2, 3, 3, 3, 3, 3, 3, 3, 3, 3</ChromaStr_R>
            <ChromaStr_Gr>0, 0, 0, 0, 1, 1, 1, 2, 2, 2, 2, 2, 3, 3, 3, 3</ChromaStr_Gr>
            <ChromaStr_Gb>0, 0, 0, 0, 1, 1, 1, 2, 2, 2, 2, 2, 3, 3, 3, 3</ChromaStr_Gb>
            <ChromaStr_B>1, 1, 1, 1, 2, 2, 2, 3, 3, 3, 3, 3, 3, 3, 3, 3</ChromaStr_B>
            <FineStr>20, 20, 30, 30, 20, 20, 20, 30, 30, 30, 35, 35, 35, 40, 40, 50</FineStr>
            <CoringWeight>1200, 1100, 1000, 1000, 1000, 1000, 900, 900, 850, 800, 750, 750, 750, 750, 750, 750</CoringWeight>
            <WDRCoarseStr_1>16, 16, 16, 16, 16, 16, 16, 16, 16, 16, 16, 16, 16, 16, 16, 16</WDRCoarseStr_1>
            <WDRCoarseStr_2>40, 40, 40, 40, 40, 40, 40, 40, 40, 40, 40, 40, 40, 40, 40, 40</WDRCoarseStr_2>
         </NR>
         <NR3D>
            <IES0>0, 0, 0, 0, 0, 0, 0, 0, 0, 0, 0, 0, 0, 0, 0, 0</IES0>
            <SBS0>120, 140, 180, 180, 180, 180, 190, 190, 210, 220, 230, 230, 240, 248, 248, 248</SBS0>
            <SBS1>20, 0, 0, 0, 0, 30, 40, 40, 40, 60, 60, 70, 70, 160, 160, 160</SBS1>
            <SBS2>100, 100, 100, 150, 160, 160, 180, 150, 150, 160, 200, 200, 200, 210, 210, 210</SBS2>
            <SBS3>0, 0, 0, 0, 0, 30, 40, 40, 40, 60, 60, 70, 70, 160, 160, 160</SBS3>
            <SDS0>120, 140, 180, 180, 180, 180, 190, 190, 210, 220, 230, 230, 240, 248, 248, 248</SDS0>
            <SDS1>100, 100, 100, 150, 160, 160, 180, 150, 150, 160, 200, 200, 200, 210, 210, 210</SDS1>
            <SDS2>20, 0, 0, 0, 0, 30, 40, 40, 40, 60, 60, 70, 70, 160, 160, 160</SDS2>
            <SDS3>0, 0, 0, 0, 0, 30, 40, 40, 40, 60, 60, 70, 70, 160, 160, 160</SDS3>
            <STH0>104, 104, 110, 116, 128, 130, 135, 135, 135, 136, 142, 142, 145, 148, 160, 148</STH0>
            <STH1>104, 104, 110, 116, 128, 130, 135, 135, 135, 136, 142, 142, 145, 148, 160, 148</STH1>
            <STH2>104, 104, 110, 116, 128, 130, 135, 135, 135, 136, 142, 142, 145, 148, 160, 148</STH2>
            <STH3>104, 104, 110, 116, 128, 130, 135, 135, 135, 136, 142, 142, 145, 148, 160, 148</STH3>
            <MDP>2, 2, 2, 2, 2, 2, 2, 2, 2, 2, 2, 2, 2, 2, 2, 2</MDP>
            <MATH1>92, 95, 98, 108, 116, 122, 128, 135, 143, 145, 160, 170, 176, 176, 176, 180</MATH1>
            <MATH2>92, 95, 98, 108, 116, 122, 128, 135, 143, 145, 160, 170, 176, 176, 176, 180</MATH2>
            <Pro3>0, 0, 0, 0, 0, 0, 0, 0, 0, 0, 0, 0, 0, 0, 0, 0</Pro3>
            <MDDZ1>32, 32, 32, 32, 32, 32, 32, 64, 64, 64, 64, 64, 64, 64, 64, 64</MDDZ1>
            <MDDZ2>32, 32, 32, 32, 32, 32, 32, 64, 64, 64, 64, 64, 64, 64, 64, 64</MDDZ2>
            <TFS1>7, 7, 7, 7, 8, 8, 8, 8, 8, 9, 10, 10, 10, 10, 10, 10</TFS1>
            <TFS2>7, 7, 7, 7, 8, 8, 8, 8, 8, 9, 10, 10, 10, 10, 10, 10</TFS2>
            <SFC>16, 16, 64, 96, 128, 192, 192, 192, 192, 255, 255, 255, 255, 255, 255, 255</SFC>
            <TFC>0, 4, 6, 6, 7, 10, 12, 16, 20, 24, 28, 32, 32, 32, 32, 32</TFC>
            <TPC>0, 4, 6, 6, 7, 10, 12, 16, 20, 24, 28, 32, 32, 32, 32, 32</TPC>
            <TRC>10, 10, 12, 14, 16, 32, 100, 100, 150, 200, 220, 255, 255, 255, 255, 255</TRC>
            <LNTH>0, 0, 0, 0, 0, 0, 0, 0, 0, 0, 0, 0, 0, 0, 0, 0</LNTH>
         </NR3D>
         <DemosaicAttr>
            <Enable>1</Enable>
            <OpType>1</OpType>
            <EdgeSmoothThr>16, 16, 16, 256, 256, 512, 1022, 1022, 1022, 1022, 1022, 1022, 1022, 1022, 1022, 1022</EdgeSmoothThr>
            <EdgeSmoothSlope>32, 32, 32, 3, 3, 0, 0, 0, 0, 0, 0, 0, 0, 0, 0, 0</EdgeSmoothSlope>
            <AntiAliasThr>53, 53, 53, 86, 112, 112, 1022, 1022, 1022, 1022, 1022, 1022, 1022, 1022, 1022, 1022</AntiAliasThr>
            <AntiAliasSlope>256, 256, 256, 256, 256, 256, 0, 0, 0, 0, 0, 0, 0, 0, 0, 0</AntiAliasSlope>
            <NrCoarseStr>128, 128, 128, 64, 64, 32, 16, 16, 16, 16, 16, 16, 16, 16, 16, 16</NrCoarseStr>
            <DetailEnhanceStr>4, 4, 4, 4, 2, 1, 0, 0, 0, 0, 0, 0, 0, 0, 0, 0</DetailEnhanceStr>
            <SharpenLumaStr>256, 256, 256, 256, 256, 256, 256, 256, 256, 256, 256, 256, 256, 256, 256, 256</SharpenLumaStr>
            <NoiseSuppressStr>4, 6, 8, 10, 12, 14, 16, 18, 20, 22, 24, 26, 28, 30, 32, 36</NoiseSuppressStr>
            <ColorNoiseCtrlThr>0, 0, 0, 0, 0, 0, 0, 0, 0, 0, 0, 0, 0, 0, 0, 0</ColorNoiseCtrlThr>
         </DemosaicAttr>
         <CSC>
            <Contrast>0, 0, 0, 0, 0, 5, 10, 15, 20, 20, 20, 20, 25, 25, 25, 30</Contrast>
            <LumaVal>0, 0, 0, 0, 0, 0, 0, -8, -16, -24, -30, -30, -30, -30, -30, -30</LumaVal>
         </CSC>
         <CAC>
            <Enable>1</Enable>
            <PurpleDetRange>100, 100, 100, 100, 100, 100, 100, 100, 100, 100, 100, 100, 100, 100, 100, 100</PurpleDetRange>
            <VarThr>0, 0, 0, 0, 0, 0, 0, 0, 0, 0, 0, 0, 0, 0, 0, 0</VarThr>
            <OpType>1</OpType>
            <DePurpleCrStr>8, 8, 8, 8, 8, 8, 8, 8, 8, 8, 8, 8, 8, 8, 8, 8</DePurpleCrStr>
            <DePurpleCbStr>8, 8, 8, 8, 8, 8, 8, 8, 8, 8, 8, 8, 8, 8, 8, 8</DePurpleCbStr>
         </CAC>
         <DRC>
            <Enable>1</Enable>
            <SpatialVar>6, 6, 6, 6, 6, 6, 6, 6, 6, 6, 6, 6, 6, 6, 6, 6</SpatialVar>
            <RangeVar>8, 8, 8, 8, 8, 8, 8, 8, 8, 8, 8, 8, 8, 8, 8, 8</RangeVar>
            <Asymmetry>2, 2, 2, 2, 2, 2, 2, 2, 2, 2, 2, 2, 2, 2, 2, 2</Asymmetry>
            <SecondPole>180, 180, 180, 180, 180, 180, 180, 180, 180, 180, 180, 180, 180, 180, 180, 180</SecondPole>
            <Stretch>54, 54, 54, 54, 54, 54, 54, 54, 54, 54, 54, 54, 54, 54, 54, 54</Stretch>
            <Compress>180, 180, 180, 180, 180, 180, 180, 180, 180, 180, 180, 180, 180, 180, 180, 180</Compress>
            <PDStrength>35, 35, 35, 35, 35, 35, 35, 35, 35, 35, 35, 35, 35, 35, 35, 35</PDStrength>
            <LocalMixingBrigtht>45, 45, 45, 45, 45, 45, 45, 45, 45, 45, 45, 45, 45, 45, 45, 45</LocalMixingBrigtht>
            <LocalMixingDark>45, 45, 45, 45, 45, 45, 45, 45, 45, 45, 45, 45, 45, 45, 45, 45</LocalMixingDark>
            <ColorCorrectionLut>1024, 1024, 1024, 1024, 1024, 1024, 1024, 1024, 1024, 1024, 1024, 1024, 1024, 1024, 1024, 1024, 1024, 1024, 1024, 1024, 1024, 1024, 1024, 1024, 1024, 1024, 1024, 1024, 1024, 1024, 1024, 1024, 1024</ColorCorrectionLut>
            <OpType>1</OpType>
            <Strength>30, 60, 100, 100, 100, 100, 100, 100, 100, 100, 100, 100, 100, 100, 100, 100</Strength>
         </DRC>
         <DP_Dynamic>
            <Enable>1</Enable>
            <SupTwinkleEn>1</SupTwinkleEn>
            <SoftThr>10, 10, 10, 10, 10, 10, 10, 10, 10, 10, 10, 10, 10, 10, 10, 10</SoftThr>
            <SoftSlope>18, 18, 18, 18, 18, 18, 18, 18, 18, 18, 18, 18, 18, 18, 18, 18</SoftSlope>
            <ISP_OP_TYPE_E>1</ISP_OP_TYPE_E>
            <Strength>200, 200, 200, 200, 220, 220, 220, 220, 220, 220, 152, 152, 152, 152, 152, 152</Strength>
            <BlendRatio>0, 0, 0, 0, 0, 0, 0, 0, 0, 0, 50, 50, 50, 50, 50, 50</BlendRatio>
         </DP_Dynamic>
         <DEFOG>
            <Enable>0</Enable>
            <Strength>128, 128, 128, 128, 128, 128, 128, 128, 128, 128, 128, 128, 128, 128, 128, 128</Strength>
         </DEFOG>
         <DCI>
            <Enable>0</Enable>
            <BlackStretchEn>0</BlackStretchEn>
            <ManBlendEn>0</ManBlendEn>
            <BlackGain>32, 32, 32, 32, 32, 32, 32, 32, 32, 32, 32, 32, 32, 32, 32, 32</BlackGain>
            <ContrastGain>32, 32, 32, 32, 32, 32, 32, 32, 32, 32, 32, 32, 32, 32, 32, 32</ContrastGain>
            <LightGain>32, 32, 32, 32, 32, 32, 32, 32, 32, 32, 32, 32, 32, 32, 32, 32</LightGain>
            <BlendRatio>0</BlendRatio>
         </DCI>
         <BLC>
            <Blc_R>64, 64, 64, 64, 64, 64, 64, 64, 64, 64, 64, 64, 64, 64, 64, 64</Blc_R>
            <Blc_Gr>64, 64, 64, 64, 64, 64, 64, 64, 64, 64, 64, 64, 64, 64, 64, 64</Blc_Gr>
            <Blc_Gb>64, 64, 64, 64, 64, 64, 64, 64, 64, 64, 64, 64, 64, 64, 64, 64</Blc_Gb>
            <Blc_B>64, 64, 64, 64, 64, 64, 64, 64, 64, 64, 64, 64, 64, 64, 64, 64</Blc_B>
         </BLC>
      </Base>
      <Level1>
      </Level1>
      <Level2>
         <ExposureAttr>
            <ExpStep>16</ExpStep>
            <ExpTolerance>10</ExpTolerance>
            <ExpCompensation>62,61,60,58,56,53,50,48,46,44,42,40,40,40,40,40</ExpCompensation>
            <ExpTimeMax>39939,39939,39939,39939,39939,39939,39939,39939,39939,39939,39939,39939,39939,39939,39939,39939</ExpTimeMax>
            <ExpTimeMin>51,51,51,51,51,51,51,51,51,51,51,51,51,51,51,51</ExpTimeMin>
            <SysGainMax>9216,9216,9216,9216,9216,9216,9216,9216,9216,9216,9216,9216,9216,9216,9216,9216</SysGainMax>
            <SysGainMin>1024,1024,1024,1024,1024,1024,1024,1024,1024,1024,1024,1024,1024,1024,1024,1024</SysGainMin>
         </ExposureAttr>
      </Level2>
      <Level3>
         <ExposureAttr>
            <ExpStep>16</ExpStep>
            <ExpTolerance>10</ExpTolerance>
            <ExpCompensation>62,61,60,58,56,53,50,48,46,44,42,40,40,40,40,40</ExpCompensation>
            <ExpTimeMax>39939,39939,39939,39939,39939,39939,39939,39939,39939,39939,39939,39939,39939,39939,39939,39939</ExpTimeMax>
            <ExpTimeMin>51,51,51,51,51,51,51,51,51,51,51,51,51,51,51,51</ExpTimeMin>
            <SysGainMax>10322,10322,10322,10322,10322,10322,10322,10322,10322,10322,10322,10322,10322,10322,10322,10322</SysGainMax>
            <SysGainMin>1024,1024,1024,1024,1024,1024,1024,1024,1024,1024,1024,1024,1024,1024,1024,1024</SysGainMin>
         </ExposureAttr>
      </Level3>
      <Level4>
         <ExposureAttr>
            <ExpStep>16</ExpStep>
            <ExpTolerance>10</ExpTolerance>
            <ExpCompensation>62,61,60,58,56,53,50,48,46,44,42,40,40,40,40,40</ExpCompensation>
            <ExpTimeMax>39939,39939,39939,39939,39939,39939,39939,39939,39939,39939,39939,39939,39939,39939,39939,39939</ExpTimeMax>
            <ExpTimeMin>51,51,51,51,51,51,51,51,51,51,51,51,51,51,51,51</ExpTimeMin>
            <SysGainMax>11586,11586,11586,11586,11586,11586,11586,11586,11586,11586,11586,11586,11586,11586,11586,11586</SysGainMax>
            <SysGainMin>1024,1024,1024,1024,1024,1024,1024,1024,1024,1024,1024,1024,1024,1024,1024,1024</SysGainMin>
         </ExposureAttr>
      </Level4>
      <Level5>
         <ExposureAttr>
            <ExpStep>16</ExpStep>
            <ExpTolerance>10</ExpTolerance>
            <ExpCompensation>62,61,60,58,56,53,50,48,46,44,42,40,40,40,40,40</ExpCompensation>
            <ExpTimeMax>39939,39939,39939,39939,39939,39939,39939,39939,39939,39939,39939,39939,39939,39939,39939,39939</ExpTimeMax>
            <ExpTimeMin>51,51,51,51,51,51,51,51,51,51,51,51,51,51,51,51</ExpTimeMin>
            <SysGainMax>13005,13005,13005,13005,13005,13005,13005,13005,13005,13005,13005,13005,13005,13005,13005,13005</SysGainMax>
            <SysGainMin>1024,1024,1024,1024,1024,1024,1024,1024,1024,1024,1024,1024,1024,1024,1024,1024</SysGainMin>
         </ExposureAttr>
      </Level5>
      <Level6>
         <ExposureAttr>
            <ExpStep>16</ExpStep>
            <ExpTolerance>10</ExpTolerance>
            <ExpCompensation>62,61,60,58,56,53,50,48,46,44,42,40,40,40,40,40</ExpCompensation>
            <ExpTimeMax>39939,39939,39939,39939,39939,39939,39939,39939,39939,39939,39939,39939,39939,39939,39939,39939</ExpTimeMax>
            <ExpTimeMin>51,51,51,51,51,51,51,51,51,51,51,51,51,51,51,51</ExpTimeMin>
            <SysGainMax>14597,14597,14597,14597,14597,14597,14597,14597,14597,14597,14597,14597,14597,14597,14597,14597</SysGainMax>
            <SysGainMin>1024,1024,1024,1024,1024,1024,1024,1024,1024,1024,1024,1024,1024,1024,1024,1024</SysGainMin>
         </ExposureAttr>
      </Level6>
      <Level7>
         <ExposureAttr>
            <ExpStep>16</ExpStep>
            <ExpTolerance>10</ExpTolerance>
            <ExpCompensation>62,61,60,58,56,53,50,48,46,44,42,40,40,40,40,40</ExpCompensation>
            <ExpTimeMax>39939,39939,39939,39939,39939,39939,39939,39939,39939,39939,39939,39939,39939,39939,39939,39939</ExpTimeMax>
            <ExpTimeMin>51,51,51,51,51,51,51,51,51,51,51,51,51,51,51,51</ExpTimeMin>
            <SysGainMax>16384,16384,16384,16384,16384,16384,16384,16384,16384,16384,16384,16384,16384,16384,16384,16384</SysGainMax>
            <SysGainMin>1024,1024,1024,1024,1024,1024,1024,1024,1024,1024,1024,1024,1024,1024,1024,1024</SysGainMin>
         </ExposureAttr>
      </Level7>
      <Level8>
         <ExposureAttr>
            <ExpStep>16</ExpStep>
            <ExpTolerance>10</ExpTolerance>
            <ExpCompensation>62,61,60,58,56,53,50,48,46,44,42,40,40,40,40,40</ExpCompensation>
            <ExpTimeMax>39939,39939,39939,39939,39939,39939,39939,39939,39939,39939,39939,39939,39939,39939,39939,39939</ExpTimeMax>
            <ExpTimeMin>51,51,51,51,51,51,51,51,51,51,51,51,51,51,51,51</ExpTimeMin>
            <SysGainMax>18391,18391,18391,18391,18391,18391,18391,18391,18391,18391,18391,18391,18391,18391,18391,18391</SysGainMax>
            <SysGainMin>1024,1024,1024,1024,1024,1024,1024,1024,1024,1024,1024,1024,1024,1024,1024,1024</SysGainMin>
         </ExposureAttr>
      </Level8>
      <Level9>
         <ExposureAttr>
            <ExpStep>16</ExpStep>
            <ExpTolerance>10</ExpTolerance>
            <ExpCompensation>62,61,60,58,56,53,50,48,46,44,42,40,40,40,40,40</ExpCompensation>
            <ExpTimeMax>39939,39939,39939,39939,39939,39939,39939,39939,39939,39939,39939,39939,39939,39939,39939,39939</ExpTimeMax>
            <ExpTimeMin>51,51,51,51,51,51,51,51,51,51,51,51,51,51,51,51</ExpTimeMin>
            <SysGainMax>20643,20643,20643,20643,20643,20643,20643,20643,20643,20643,20643,20643,20643,20643,20643,20643</SysGainMax>
            <SysGainMin>1024,1024,1024,1024,1024,1024,1024,1024,1024,1024,1024,1024,1024,1024,1024,1024</SysGainMin>
         </ExposureAttr>
      </Level9>
   </HLC>
   <DEFOG>
      <Base>
         <FSWDR>0,0</FSWDR>
         <TopParam>0</TopParam>
         <ExposureAttr>
            <ExpStep>16</ExpStep>
            <ExpTolerance>10</ExpTolerance>
            <ExpCompensation>46,46,46,46,46,46,46,46,46,44,42,40,40,40,40,40</ExpCompensation>
            <ExpTimeMax>39939,39939,39939,39939,39939,39939,39939,39939,39939,39939,39939,39939,39939,39939,39939,39939</ExpTimeMax>
            <ExpTimeMin>51,51,51,51,51,51,51,51,51,51,51,51,51,51,51,51</ExpTimeMin>
            <SysGainMax>2057660,2057660,2057660,2057660,2057660,2057660,2057660,2057660,2057660,2057660,2057660,2057660,2057660,2057660,2057660,2057660</SysGainMax>
            <SysGainMin>1024,1024,1024,1024,1024,1024,1024,1024,1024,1024,1024,1024,1024,1024,1024,1024</SysGainMin>
         </ExposureAttr>
         <DN_S>
            <StSenseLow>1000,0,300,0</StSenseLow>
            <stSenseNormal>800,0,450,0</stSenseNormal>
            <stSenseHigh>700,0,600,0</stSenseHigh>
         </DN_S>
         <Saturation>
            <Saturation_CSC>128, 128, 124, 120, 116, 110, 106, 100, 90, 80, 80, 80, 80, 80, 80, 80</Saturation_CSC>
            <Saturation_CCM>128, 128, 128, 128, 128, 128, 128, 128, 128, 128, 128, 128, 128, 128, 128, 128</Saturation_CCM>
         </Saturation>
         <Sharpen>
            <Enable>1</Enable>
            <OpType>1</OpType>
            <SharpenUd>23, 21, 19, 17, 14, 12, 11, 10, 10, 10, 10, 10, 10, 5, 5, 5</SharpenUd>
            <SharpenD>100, 110, 120, 140, 150, 170, 190, 200, 220, 220, 220, 230, 250, 200, 200, 200</SharpenD>
            <TextureThr>0, 0, 0, 0, 0, 0, 0, 0, 0, 0, 0, 0, 0, 0, 0, 0</TextureThr>
            <SharpenEdge>80, 80, 80, 72, 72, 70, 70, 70, 110, 120, 120, 120, 120, 120, 120, 120</SharpenEdge>
            <EdgeThr>80, 80, 80, 80, 80, 80, 90, 90, 120, 150, 150, 130, 150, 150, 150, 150</EdgeThr>
            <OverShoot>150, 150, 150, 150, 140, 130, 120, 100, 80, 80, 80, 80, 80, 80, 80, 80</OverShoot>
            <UnderShoot>200, 200, 200, 200, 170, 150, 120, 100, 80, 80, 80, 80, 80, 80, 80, 80</UnderShoot>
            <ShootSupStr>33, 33, 33, 33, 16, 0, 0, 0, 0, 0, 0, 0, 0, 0, 0, 0</ShootSupStr>
            <DetailCtrl>128, 128, 128, 128, 128, 118, 118, 108, 80, 80, 78, 50, 50, 50, 40, 30</DetailCtrl>
         </Sharpen>
         <VPSS_Sharpen>
            <OpType>1</OpType>
            <SharpenUd>0, 0, 0, 0, 0, 0, 0, 0, 0, 0, 0, 0, 0, 0, 0, 0</SharpenUd>
            <SharpenD>0, 0, 0, 0, 0, 0, 0, 0, 0, 0, 0, 0, 0, 0, 0, 0</SharpenD>
            <TextureThr>0, 0, 0, 0, 0, 0, 0, 0, 0, 0, 0, 0, 0, 0, 0, 0</TextureThr>
            <SharpenEdge>0, 0, 0, 0, 0, 0, 0, 0, 0, 0, 0, 0, 0, 0, 0, 0</SharpenEdge>
            <EdgeThd>0, 0, 0, 0, 0, 0, 0, 0, 0, 0, 0, 0, 0, 0, 0, 0</EdgeThd>
            <OverShoot>0, 0, 0, 0, 0, 0, 0, 0, 0, 0, 0, 0, 0, 0, 0, 0</OverShoot>
            <UnderShoot>0, 0, 0, 0, 0, 0, 0, 0, 0, 0, 0, 0, 0, 0, 0, 0</UnderShoot>
            <ShootSupStr>0, 0, 0, 0, 0, 0, 0, 0, 0, 0, 0, 0, 0, 0, 0, 0</ShootSupStr>
            <DetailCtrl>128, 128, 128, 128, 128, 128, 128, 128, 128, 128, 128, 128, 128, 128, 128, 128</DetailCtrl>
         </VPSS_Sharpen>
         <NR>
            <Enable>1</Enable>
            <CoarseStr_R>140, 140, 140, 140, 140, 140, 140, 140, 140, 140, 140, 140, 140, 140, 140, 140</CoarseStr_R>
            <CoarseStr_Gr>110, 110, 110, 110, 110, 110, 110, 110, 110, 110, 110, 110, 110, 110, 110, 110</CoarseStr_Gr>
            <CoarseStr_Gb>110, 110, 110, 110, 110, 110, 110, 110, 110, 110, 110, 110, 110, 110, 110, 110</CoarseStr_Gb>
            <CoarseStr_B>140, 140, 140, 140, 140, 140, 140, 140, 140, 140, 140, 140, 140, 140, 140, 140</CoarseStr_B>
            <CoringRatio>300, 350, 400, 450, 500, 550, 650, 650, 700, 700, 700, 700, 700, 700, 700, 700, 800, 800, 800, 850, 850, 850, 900, 900, 900, 950, 950, 950, 1000, 1000, 1000, 1000, 1000</CoringRatio>
            <OpType>1</OpType>
            <ChromaStr_R>1, 1, 1, 1, 2, 2, 2, 3, 3, 3, 3, 3, 3, 3, 3, 3</ChromaStr_R>
            <ChromaStr_Gr>0, 0, 0, 0, 1, 1, 1, 2, 2, 2, 2, 2, 3, 3, 3, 3</ChromaStr_Gr>
            <ChromaStr_Gb>0, 0, 0, 0, 1, 1, 1, 2, 2, 2, 2, 2, 3, 3, 3, 3</ChromaStr_Gb>
            <ChromaStr_B>1, 1, 1, 1, 2, 2, 2, 3, 3, 3, 3, 3, 3, 3, 3, 3</ChromaStr_B>
            <FineStr>20, 20, 30, 30, 20, 20, 20, 30, 30, 30, 35, 35, 35, 40, 40, 50</FineStr>
            <CoringWeight>1200, 1100, 1000, 1000, 1000, 1000, 900, 900, 850, 800, 750, 750, 750, 750, 750, 750</CoringWeight>
            <WDRCoarseStr_1>16, 16, 16, 16, 16, 16, 16, 16, 16, 16, 16, 16, 16, 16, 16, 16</WDRCoarseStr_1>
            <WDRCoarseStr_2>40, 40, 40, 40, 40, 40, 40, 40, 40, 40, 40, 40, 40, 40, 40, 40</WDRCoarseStr_2>
         </NR>
         <NR3D>
            <IES0>0, 0, 0, 0, 0, 0, 0, 0, 0, 0, 0, 0, 0, 0, 0, 0</IES0>
            <SBS0>120, 140, 180, 180, 180, 180, 190, 190, 210, 220, 230, 230, 240, 248, 248, 248</SBS0>
            <SBS1>20, 0, 0, 0, 0, 30, 40, 40, 40, 60, 60, 70, 70, 160, 160, 160</SBS1>
            <SBS2>100, 100, 100, 150, 160, 160, 180, 150, 150, 160, 200, 200, 200, 210, 210, 210</SBS2>
            <SBS3>0, 0, 0, 0, 0, 30, 40, 40, 40, 60, 60, 70, 70, 160, 160, 160</SBS3>
            <SDS0>120, 140, 180, 180, 180, 180, 190, 190, 210, 220, 230, 230, 240, 248, 248, 248</SDS0>
            <SDS1>100, 100, 100, 150, 160, 160, 180, 150, 150, 160, 200, 200, 200, 210, 210, 210</SDS1>
            <SDS2>20, 0, 0, 0, 0, 30, 40, 40, 40, 60, 60, 70, 70, 160, 160, 160</SDS2>
            <SDS3>0, 0, 0, 0, 0, 30, 40, 40, 40, 60, 60, 70, 70, 160, 160, 160</SDS3>
            <STH0>104, 104, 110, 116, 128, 130, 135, 135, 135, 136, 142, 142, 145, 148, 160, 148</STH0>
            <STH1>104, 104, 110, 116, 128, 130, 135, 135, 135, 136, 142, 142, 145, 148, 160, 148</STH1>
            <STH2>104, 104, 110, 116, 128, 130, 135, 135, 135, 136, 142, 142, 145, 148, 160, 148</STH2>
            <STH3>104, 104, 110, 116, 128, 130, 135, 135, 135, 136, 142, 142, 145, 148, 160, 148</STH3>
            <MDP>2, 2, 2, 2, 2, 2, 2, 2, 2, 2, 2, 2, 2, 2, 2, 2</MDP>
            <MATH1>92, 95, 98, 108, 116, 122, 128, 135, 143, 145, 160, 170, 176, 176, 176, 180</MATH1>
            <MATH2>92, 95, 98, 108, 116, 122, 128, 135, 143, 145, 160, 170, 176, 176, 176, 180</MATH2>
            <Pro3>0, 0, 0, 0, 0, 0, 0, 0, 0, 0, 0, 0, 0, 0, 0, 0</Pro3>
            <MDDZ1>32, 32, 32, 32, 32, 32, 32, 64, 64, 64, 64, 64, 64, 64, 64, 64</MDDZ1>
            <MDDZ2>32, 32, 32, 32, 32, 32, 32, 64, 64, 64, 64, 64, 64, 64, 64, 64</MDDZ2>
            <TFS1>7, 7, 7, 7, 8, 8, 8, 8, 8, 9, 10, 10, 10, 10, 10, 10</TFS1>
            <TFS2>7, 7, 7, 7, 8, 8, 8, 8, 8, 9, 10, 10, 10, 10, 10, 10</TFS2>
            <SFC>16, 16, 64, 96, 128, 192, 192, 192, 192, 255, 255, 255, 255, 255, 255, 255</SFC>
            <TFC>0, 4, 6, 6, 7, 10, 12, 16, 20, 24, 28, 32, 32, 32, 32, 32</TFC>
            <TPC>0, 4, 6, 6, 7, 10, 12, 16, 20, 24, 28, 32, 32, 32, 32, 32</TPC>
            <TRC>10, 10, 12, 14, 16, 32, 100, 100, 150, 200, 220, 255, 255, 255, 255, 255</TRC>
            <LNTH>0, 0, 0, 0, 0, 0, 0, 0, 0, 0, 0, 0, 0, 0, 0, 0</LNTH>
         </NR3D>
         <DemosaicAttr>
            <Enable>1</Enable>
            <OpType>1</OpType>
            <EdgeSmoothThr>16, 16, 16, 256, 256, 512, 1022, 1022, 1022, 1022, 1022, 1022, 1022, 1022, 1022, 1022</EdgeSmoothThr>
            <EdgeSmoothSlope>32, 32, 32, 3, 3, 0, 0, 0, 0, 0, 0, 0, 0, 0, 0, 0</EdgeSmoothSlope>
            <AntiAliasThr>53, 53, 53, 86, 112, 112, 1022, 1022, 1022, 1022, 1022, 1022, 1022, 1022, 1022, 1022</AntiAliasThr>
            <AntiAliasSlope>256, 256, 256, 256, 256, 256, 0, 0, 0, 0, 0, 0, 0, 0, 0, 0</AntiAliasSlope>
            <NrCoarseStr>128, 128, 128, 64, 64, 32, 16, 16, 16, 16, 16, 16, 16, 16, 16, 16</NrCoarseStr>
            <DetailEnhanceStr>4, 4, 4, 4, 2, 1, 0, 0, 0, 0, 0, 0, 0, 0, 0, 0</DetailEnhanceStr>
            <SharpenLumaStr>256, 256, 256, 256, 256, 256, 256, 256, 256, 256, 256, 256, 256, 256, 256, 256</SharpenLumaStr>
            <NoiseSuppressStr>4, 6, 8, 10, 12, 14, 16, 18, 20, 22, 24, 26, 28, 30, 32, 36</NoiseSuppressStr>
            <ColorNoiseCtrlThr>0, 0, 0, 0, 0, 0, 0, 0, 0, 0, 0, 0, 0, 0, 0, 0</ColorNoiseCtrlThr>
         </DemosaicAttr>
         <CSC>
            <Contrast>0, 0, 0, 0, 0, 5, 10, 15, 20, 20, 20, 20, 25, 25, 25, 30</Contrast>
            <LumaVal>0, 0, 0, 0, 0, 0, 0, -8, -16, -24, -30, -30, -30, -30, -30, -30</LumaVal>
         </CSC>
         <CAC>
            <Enable>1</Enable>
            <PurpleDetRange>100, 100, 100, 100, 100, 100, 100, 100, 100, 100, 100, 100, 100, 100, 100, 100</PurpleDetRange>
            <VarThr>0, 0, 0, 0, 0, 0, 0, 0, 0, 0, 0, 0, 0, 0, 0, 0</VarThr>
            <OpType>1</OpType>
            <DePurpleCrStr>8, 8, 8, 8, 8, 8, 8, 8, 8, 8, 8, 8, 8, 8, 8, 8</DePurpleCrStr>
            <DePurpleCbStr>8, 8, 8, 8, 8, 8, 8, 8, 8, 8, 8, 8, 8, 8, 8, 8</DePurpleCbStr>
         </CAC>
         <DRC>
            <Enable>1</Enable>
            <SpatialVar>6, 6, 6, 6, 6, 6, 6, 6, 6, 6, 6, 6, 6, 6, 6, 6</SpatialVar>
            <RangeVar>8, 8, 8, 8, 8, 8, 8, 8, 8, 8, 8, 8, 8, 8, 8, 8</RangeVar>
            <Asymmetry>2, 2, 2, 2, 2, 2, 2, 2, 2, 2, 2, 2, 2, 2, 2, 2</Asymmetry>
            <SecondPole>180, 180, 180, 180, 180, 180, 180, 180, 180, 180, 180, 180, 180, 180, 180, 180</SecondPole>
            <Stretch>54, 54, 54, 54, 54, 54, 54, 54, 54, 54, 54, 54, 54, 54, 54, 54</Stretch>
            <Compress>180, 180, 180, 180, 180, 180, 180, 180, 180, 180, 180, 180, 180, 180, 180, 180</Compress>
            <PDStrength>35, 35, 35, 35, 35, 35, 35, 35, 35, 35, 35, 35, 35, 35, 35, 35</PDStrength>
            <LocalMixingBrigtht>45, 45, 45, 45, 45, 45, 45, 45, 45, 45, 45, 45, 45, 45, 45, 45</LocalMixingBrigtht>
            <LocalMixingDark>45, 45, 45, 45, 45, 45, 45, 45, 45, 45, 45, 45, 45, 45, 45, 45</LocalMixingDark>
            <ColorCorrectionLut>1024, 1024, 1024, 1024, 1024, 1024, 1024, 1024, 1024, 1024, 1024, 1024, 1024, 1024, 1024, 1024, 1024, 1024, 1024, 1024, 1024, 1024, 1024, 1024, 1024, 1024, 1024, 1024, 1024, 1024, 1024, 1024, 1024</ColorCorrectionLut>
            <OpType>1</OpType>
            <Strength>60,55,50,45,40,30,20,10,0,0,0,0,0,0,0,0</Strength>
         </DRC>
         <DP_Dynamic>
            <Enable>1</Enable>
            <SupTwinkleEn>1</SupTwinkleEn>
            <SoftThr>10, 10, 10, 10, 10, 10, 10, 10, 10, 10, 10, 10, 10, 10, 10, 10</SoftThr>
            <SoftSlope>18, 18, 18, 18, 18, 18, 18, 18, 18, 18, 18, 18, 18, 18, 18, 18</SoftSlope>
            <ISP_OP_TYPE_E>1</ISP_OP_TYPE_E>
            <Strength>200, 200, 200, 200, 220, 220, 220, 220, 220, 220, 152, 152, 152, 152, 152, 152</Strength>
            <BlendRatio>0, 0, 0, 0, 0, 0, 0, 0, 0, 0, 50, 50, 50, 50, 50, 50</BlendRatio>
         </DP_Dynamic>
         <DEFOG>
            <Enable>1</Enable>
            <Strength>80, 80, 80, 80, 80, 80, 80, 80, 80, 80, 80, 80, 80, 80, 80, 80</Strength>
         </DEFOG>
         <DCI>
            <Enable>0</Enable>
            <BlackStretchEn>0</BlackStretchEn>
            <ManBlendEn>0</ManBlendEn>
            <BlackGain>32, 32, 32, 32, 32, 32, 32, 32, 32, 32, 32, 32, 32, 32, 32, 32</BlackGain>
            <ContrastGain>32, 32, 32, 32, 32, 32, 32, 32, 32, 32, 32, 32, 32, 32, 32, 32</ContrastGain>
            <LightGain>32, 32, 32, 32, 32, 32, 32, 32, 32, 32, 32, 32, 32, 32, 32, 32</LightGain>
            <BlendRatio>0</BlendRatio>
         </DCI>
         <BLC>
            <Blc_R>64, 64, 64, 64, 64, 64, 64, 64, 64, 64, 64, 64, 64, 64, 64, 64</Blc_R>
            <Blc_Gr>64, 64, 64, 64, 64, 64, 64, 64, 64, 64, 64, 64, 64, 64, 64, 64</Blc_Gr>
            <Blc_Gb>64, 64, 64, 64, 64, 64, 64, 64, 64, 64, 64, 64, 64, 64, 64, 64</Blc_Gb>
            <Blc_B>64, 64, 64, 64, 64, 64, 64, 64, 64, 64, 64, 64, 64, 64, 64, 64</Blc_B>
         </BLC>
      </Base>
      <Level1>
      </Level1>
      <Level2>
         <DEFOG>
            <Enable>1</Enable>
            <Strength>86, 86, 86, 86, 86, 86, 86, 86, 86, 86, 86, 86, 86, 86, 86, 86</Strength>
         </DEFOG>
      </Level2>
      <Level3>
         <DEFOG>
            <Enable>1</Enable>
            <Strength>92, 92, 92, 92, 92, 92, 92, 92, 92, 92, 92, 92, 92, 92, 92, 92</Strength>
         </DEFOG>
      </Level3>
      <Level4>
         <DEFOG>
            <Enable>1</Enable>
            <Strength>98, 98, 98, 98, 98, 98, 98, 98, 98, 98, 98, 98, 98, 98, 98, 98</Strength>
         </DEFOG>
      </Level4>
      <Level5>
         <DEFOG>
            <Enable>1</Enable>
            <Strength>104, 104, 104, 104, 104, 104, 104, 104, 104, 104, 104, 104, 104, 104, 104, 104</Strength>
         </DEFOG>
      </Level5>
      <Level6>
         <DEFOG>
            <Enable>1</Enable>
            <Strength>110, 110, 110, 110, 110, 110, 110, 110, 110, 110, 110, 110, 110, 110, 110, 110</Strength>
         </DEFOG>
      </Level6>
      <Level7>
         <DEFOG>
            <Enable>1</Enable>
            <Strength>116, 116, 116, 116, 116, 116, 116, 116, 116, 116, 116, 116, 116, 116, 116, 116</Strength>
         </DEFOG>
      </Level7>
      <Level8>
         <DEFOG>
            <Enable>1</Enable>
            <Strength>122, 122, 122, 122, 122, 122, 122, 122, 122, 122, 122, 122, 122, 122, 122, 122</Strength>
         </DEFOG>
      </Level8>
      <Level9>
         <DEFOG>
            <Enable>1</Enable>
            <Strength>128, 128, 128, 128, 128, 128, 128, 128, 128, 128, 128, 128, 128, 128, 128, 128</Strength>
         </DEFOG>
      </Level9>
   </DEFOG> 
</ISP>