<?xml version="1.0" encoding="utf-8"?>
<ISP>
   <Linner>
      <Base>
         <FSWDR>0,0</FSWDR>
         <TopParam>0</TopParam>
         <ExposureAttr>
            <ExpStep>16</ExpStep>
            <ExpTolerance>10</ExpTolerance>
            <ExpCompensation>60,58,56,54,52,50,47,44,41,38,36,36,36,36,36,36</ExpCompensation>
            <ExpTimeMax>39939,39939,39939,39939,39939,39939,39939,39939,39939,39939,39939,39939,39939,39939,39939,39939</ExpTimeMax>
            <ExpTimeMin>51,51,51,51,51,51,51,51,51,51,51,51,51,51,51,51</ExpTimeMin>
            <SysGainMax>2057660,2057660,2057660,2057660,2057660,2057660,2057660,2057660,2057660,2057660,2057660,2057660,2057660,2057660,2057660,2057660</SysGainMax>
            <SysGainMin>1024,1024,1024,1024,1024,1024,1024,1024,1024,1024,1024,1024,1024,1024,1024,1024</SysGainMin>
         </ExposureAttr>
         <DN_S>
            <StSenseLow>1000,0,300,0</StSenseLow>
            <stSenseNormal>800,0,450,0</stSenseNormal>
            <stSenseHigh>700,0,600,0</stSenseHigh>
         </DN_S>
         <Saturation>
            <Saturation_CSC>128, 128, 118, 118, 108, 108, 98, 88, 76, 76, 68, 68, 68, 68, 68, 68</Saturation_CSC>
            <Saturation_CCM>128, 128, 128, 128, 128, 128, 128, 128, 128, 128, 128, 128,128, 128,128, 128</Saturation_CCM>
         </Saturation>
         <Sharpen>
            <Enable>1</Enable>
            <OpType>1</OpType>
            <SharpenUd>50, 50, 40, 40, 35, 33, 25, 22, 15, 10, 10, 8, 5, 5, 5, 5</SharpenUd>
            <SharpenD>80, 80, 90, 90, 90, 90, 100, 130, 150, 160, 180, 200, 200, 200, 200, 200</SharpenD>
            <TextureThr>0, 0, 0, 0, 0, 0, 0, 0, 0, 0, 0, 0, 0, 0, 0, 0</TextureThr>
            <SharpenEdge>80, 70, 70, 60, 50, 60, 60, 60, 70, 80, 100, 120, 150, 180, 180, 200</SharpenEdge>
            <EdgeThr>90, 90, 90, 90, 90, 90, 90, 95, 100, 110, 120, 130, 150, 170, 180, 190</EdgeThr>
            <OverShoot>60, 60, 50, 50, 40, 40, 30, 20, 10, 0, 0, 0, 0, 0, 0, 0</OverShoot>
            <UnderShoot>100, 100, 100, 80, 80, 60, 60, 50, 50, 40, 20, 15, 15, 15, 15, 15</UnderShoot>
            <ShootSupStr>128, 128, 128, 100, 100, 94, 87, 72, 42, 27, 12, 0, 0, 0, 0, 0</ShootSupStr>
            <DetailCtrl>128, 128, 128, 128, 128, 128, 128, 128, 128, 128, 128, 128, 128, 128, 128, 128</DetailCtrl>
         </Sharpen>
         <VPSS_Sharpen>
            <OpType>1</OpType>
            <SharpenUd>0, 0, 0, 0, 0, 0, 0, 0, 0, 0, 0, 0, 0, 0, 0, 0</SharpenUd>
            <SharpenD>0, 0, 0, 0, 0, 0, 0, 0, 0, 0, 0, 0, 0, 0, 0, 0</SharpenD>
            <TextureThr>0, 0, 0, 0, 0, 0, 0, 0, 0, 0, 0, 0, 0, 0, 0, 0</TextureThr>
            <SharpenEdge>2, 3, 4, 5, 6, 8, 10, 14, 18, 20, 20, 20, 20, 20, 20, 20</SharpenEdge>
            <EdgeThd>0, 0, 0, 0, 0, 0, 0, 0, 0, 0, 0, 0, 0, 0, 0, 0</EdgeThd>
            <OverShoot>0, 0, 0, 0, 0, 0, 0, 0, 0, 0, 0, 0, 0, 0, 0, 0</OverShoot>
            <UnderShoot>0, 0, 0, 0, 0, 0, 0, 0, 0, 0, 0, 0, 0, 0, 0, 0</UnderShoot>
            <ShootSupStr>0, 0, 0, 0, 0, 0, 0, 0, 0, 0, 0, 0, 0, 0, 0, 0</ShootSupStr>
            <DetailCtrl>128, 128, 128, 128, 128, 128, 128, 128, 128, 128, 128, 128, 128, 128, 128, 128</DetailCtrl>
         </VPSS_Sharpen>
         <NR>
            <Enable>1</Enable>
            <CoarseStr_R>140, 140, 140, 140, 140, 140, 140, 140, 140, 140, 140, 140, 140, 140, 140, 140</CoarseStr_R>
            <CoarseStr_Gr>110, 110, 110, 110, 110, 110, 110, 110, 110, 110, 110, 110, 110, 110, 110, 110</CoarseStr_Gr>
            <CoarseStr_Gb>110, 110, 110, 110, 110, 110, 110, 110, 110, 110, 110, 110, 110, 110, 110, 110</CoarseStr_Gb>
            <CoarseStr_B>140, 140, 140, 140, 140, 140, 140, 140, 140, 140, 140, 140, 140, 140, 140, 140</CoarseStr_B>
            <CoringRatio>600, 600, 600, 600, 650, 650, 650, 650, 700, 700, 700, 700, 700, 700, 750, 750, 800, 800, 800, 850, 850, 850, 900, 900, 900, 950, 950, 950, 1000, 1000, 1000, 1000, 1000</CoringRatio>
            <OpType>1</OpType>
            <ChromaStr_R>1, 1, 1, 1, 2, 2, 2, 3, 3, 3, 3, 3, 3, 3, 3, 3</ChromaStr_R>
            <ChromaStr_Gr>0, 0, 0, 0, 1, 1, 1, 2, 2, 2, 2, 2, 2, 2, 2, 2</ChromaStr_Gr>
            <ChromaStr_Gb>0, 0, 0, 0, 1, 1, 1, 2, 2, 2, 2, 2, 2, 2, 2, 2</ChromaStr_Gb>
            <ChromaStr_B>1, 1, 1, 1, 2, 2, 2, 3, 3, 3, 3, 3, 3, 3, 3, 3</ChromaStr_B>
            <FineStr>100, 85, 75, 58, 52, 50, 40, 20, 0, 0, 0, 0, 0, 0, 0, 0</FineStr>
            <CoringWeight>500, 500, 600, 600, 500, 500, 500, 500, 500, 500, 0, 0, 0, 0, 0, 0</CoringWeight>
            <WDRCoarseStr_1>16, 16, 16, 16, 16, 16, 16, 16, 16, 16, 16, 16, 16, 16, 16, 16</WDRCoarseStr_1>
            <WDRCoarseStr_2>40, 40, 40, 40, 40, 40, 40, 40, 40, 40, 40, 40, 40, 40, 40, 40</WDRCoarseStr_2>
         </NR>
         <NR3D>
            <IES0>0, 0, 0, 0, 0, 0, 0, 0, 0, 0, 0, 0, 0, 0, 0, 0</IES0>
            <SBS0>120, 120, 130, 140, 150, 160, 180, 200, 210, 210, 220, 220, 220, 220, 220, 220</SBS0>
            <SBS1>0, 110, 120, 130, 130, 140, 160, 180, 200, 200, 200, 210, 210, 210, 210, 210</SBS1>
            <SBS2>70, 100, 100, 130, 140, 160, 180, 200, 200, 200, 200, 220, 230, 240, 240, 240</SBS2>
            <SBS3>10, 30, 40, 50, 60, 80, 90, 100, 110, 110, 110, 110, 110, 110, 110, 110</SBS3>
            <SDS0>120, 120, 130, 140, 150, 160, 180, 200, 210, 210, 220, 220, 220, 220, 220, 220</SDS0>
            <SDS1>70, 100, 100, 130, 140, 160, 180, 200, 200, 200, 200, 220, 230, 240, 240, 240</SDS1>
            <SDS2>0, 110, 120, 130, 130, 140, 160, 180, 200, 200, 200, 210, 210, 210, 210, 210</SDS2>
            <SDS3>10, 30, 40, 50, 60, 80, 90, 100, 110, 110, 110, 110, 110, 110, 110, 110</SDS3>
            <STH0>104, 104, 128, 128, 128, 128, 128, 138, 138, 138, 138, 128, 138, 150, 155, 152</STH0>
            <STH1>104, 104, 128, 128, 128, 128, 128, 138, 138, 138, 138, 128, 138, 150, 155, 152</STH1>
            <STH2>104, 104, 128, 128, 128, 128, 128, 138, 138, 138, 138, 128, 138, 150, 155, 152</STH2>
            <STH3>104, 104, 128, 128, 128, 128, 128, 138, 138, 138, 138, 128, 138, 150, 155, 152</STH3>
            <MDP>2, 2, 2, 2, 2, 2, 2, 2, 2, 2, 2, 2, 2, 2, 6, 6</MDP>
            <MATH1>90, 92, 95, 100, 105, 115, 120, 128, 146, 165, 180, 180, 180, 180, 180, 180</MATH1>
            <MATH2>90, 92, 95, 100, 105, 115, 120, 128, 146, 165, 180, 180, 180, 180, 180, 180</MATH2>
            <Pro3>0, 0, 0, 0, 0, 0, 0, 0, 0, 0, 0, 0, 0, 0, 0, 0</Pro3>
            <MDDZ1>32, 32, 32, 32, 32, 32, 32, 56, 80, 100, 128, 128, 150, 150, 200, 200</MDDZ1>
            <MDDZ2>32, 32, 32, 32, 32, 32, 32, 56, 80, 100, 128, 128, 150, 150, 200, 200</MDDZ2>
            <TFS1>8, 8, 8, 8, 9, 9, 9, 10, 10, 11, 11, 11, 11, 12, 12, 12</TFS1>
            <TFS2>8, 8, 8, 8, 9, 9, 9, 10, 10, 11, 11, 11, 11, 12, 12, 12</TFS2>
            <SFC>16, 24, 48, 64, 96, 96, 200, 200, 255, 255, 255, 255, 255, 255, 255, 255</SFC>
            <TFC>4, 4, 6, 6, 7, 10, 16, 20, 32, 32, 32, 32, 32, 32, 32, 32</TFC>
            <TPC>4, 4, 6, 6, 7, 10, 16, 20, 32, 32, 32, 32, 32, 32, 32, 32</TPC>
            <TRC>20, 40, 80, 100, 100, 150, 150, 200, 255, 255, 255, 255, 255, 255, 255, 255</TRC>
            <LNTH>0, 0, 0, 0, 0, 0, 0, 0, 0, 0, 0, 0, 0, 0, 0, 0</LNTH>
         </NR3D>
         <DemosaicAttr>
            <Enable>1</Enable>
            <OpType>1</OpType>
            <EdgeSmoothThr>16, 16, 16, 16, 16, 16, 1022, 1022, 1022, 1022, 1022, 1022, 1022, 1022, 1022, 1022</EdgeSmoothThr>
            <EdgeSmoothSlope>32, 32, 32, 32, 32, 32, 0, 0, 0, 0, 0, 0, 0, 0, 0, 0</EdgeSmoothSlope>
            <AntiAliasThr>53, 53, 53, 53, 53, 53, 1022, 1022, 1022, 1022, 1022, 1022, 1022, 1022, 1022, 1022</AntiAliasThr>
            <AntiAliasSlope>256, 256, 256, 256, 256, 256, 0, 0, 0, 0, 0, 0, 0, 0, 0, 0</AntiAliasSlope>
            <NrCoarseStr>8, 8, 8, 4, 4, 2, 1, 1, 1, 1, 1, 1, 1, 1, 1, 1</NrCoarseStr>
            <DetailEnhanceStr>4, 4, 4, 4, 2, 1, 0, 0, 0, 0, 0, 0, 0, 0, 0, 0</DetailEnhanceStr>
            <SharpenLumaStr>256, 256, 256, 256, 256, 256, 256, 256, 256, 256, 256, 256, 256, 256, 256, 256</SharpenLumaStr>
            <NoiseSuppressStr>0, 0, 0, 0, 0, 0, 0, 0, 0, 0, 0, 0, 0, 0, 0, 0</NoiseSuppressStr>
            <ColorNoiseCtrlThr>0, 0, 0, 0, 0, 0, 0, 0, 0, 0, 0, 0, 0, 0, 0, 0</ColorNoiseCtrlThr>
         </DemosaicAttr>
         <CSC>
            <Contrast>-6, -6, -3, -3, 0, 0, 0, 0, 0, 0, 0, 0, 0, 0, 0, 0</Contrast>
            <LumaVal>-6, -6, -3, -3, 0, 0, 0, 0, 0, 0, 0, 0, 0, 0, 0, 0</LumaVal>
         </CSC>
         <CAC>
            <Enable>1</Enable>
            <PurpleDetRange>100, 100, 100, 100, 100, 100, 100, 100, 100, 100, 100, 100, 100, 100, 100, 100</PurpleDetRange>
            <VarThr>0, 0, 0, 0, 0, 0, 0, 0, 0, 0, 0, 0, 0, 0, 0, 0</VarThr>
            <OpType>1</OpType>
            <DePurpleCrStr>8, 8, 8, 8, 8, 8, 8, 8, 8, 8, 8, 8, 8, 8, 8, 8</DePurpleCrStr>
            <DePurpleCbStr>8, 8, 8, 8, 8, 8, 8, 8, 8, 8, 8, 8, 8, 8, 8, 8</DePurpleCbStr>
         </CAC>
         <DRC>
            <Enable>1</Enable>
            <SpatialVar>6, 6, 6, 6, 6, 6, 6, 6, 6, 6, 6, 6, 6, 6, 6, 6</SpatialVar>
            <RangeVar>8, 8, 8, 8, 8, 8, 8, 8, 8, 8, 8, 8, 8, 8, 8, 8</RangeVar>
            <Asymmetry>2, 2, 2, 2, 2, 2, 2, 2, 2, 2, 2, 2, 2, 2, 2, 2</Asymmetry>
            <SecondPole>180, 180, 180, 180, 180, 180, 180, 180, 180, 180, 180, 180, 180, 180, 180, 180</SecondPole>
            <Stretch>54, 54, 54, 54, 54, 54, 54, 54, 54, 54, 54, 54, 54, 54, 54, 54</Stretch>
            <Compress>180, 180, 180, 180, 180, 180, 180, 180, 180, 180, 180, 180, 180, 180, 180, 180</Compress>
            <PDStrength>35, 35, 35, 35, 35, 35, 35, 35, 35, 35, 35, 35, 35, 35, 35, 35</PDStrength>
            <LocalMixingBrigtht>64, 64, 64, 64, 64, 64, 64, 64, 64, 64, 64, 64, 64, 64, 64, 64</LocalMixingBrigtht>
            <LocalMixingDark>45, 45, 45, 45, 45, 45, 45, 45, 45, 45, 45, 45, 45, 45, 45, 45</LocalMixingDark>
            <ColorCorrectionLut>1024, 1024, 1024, 1024, 1024, 1024, 1024, 1024, 1024, 1024, 1024, 1024, 1024, 1024, 1024, 1024, 1024, 1024, 1024, 1024, 1024, 1024, 1024, 1024, 1024, 1024, 1024, 1024, 1024, 1024, 1024, 1024, 1024</ColorCorrectionLut>
            <OpType>1</OpType>
            <Strength>0, 0, 0, 0, 0, 0, 0, 0, 0, 0, 0, 0, 0, 0, 0, 0</Strength>
         </DRC>
         <DP_Dynamic>
            <Enable>1</Enable>
            <SupTwinkleEn>1</SupTwinkleEn>
            <SoftThr>6, 6, 6, 6, 6, 6, 6, 6, 6, 6, 6, 6, 6, 6, 6, 6</SoftThr>
            <SoftSlope>51, 51, 51, 51, 51, 51, 51, 51, 51, 51, 51, 51, 51, 51, 51, 51</SoftSlope>
            <ISP_OP_TYPE_E>1</ISP_OP_TYPE_E>
            <Strength>100, 100, 150, 150, 150, 200, 220, 220, 220, 220, 252, 252, 252, 252, 252, 252</Strength>
            <BlendRatio>0, 0, 0, 0, 0, 0, 0, 0, 0, 0, 50, 50, 50, 50, 50, 50</BlendRatio>
         </DP_Dynamic>
         <DEFOG>
            <Enable>0</Enable>
            <Strength>128, 128, 128, 128, 128, 128, 128, 128, 128, 128, 128, 128, 128, 128, 128, 128</Strength>
         </DEFOG>
         <DCI>
            <Enable>0</Enable>
            <BlackStretchEn>0</BlackStretchEn>
            <ManBlendEn>0</ManBlendEn>
            <BlackGain>32, 32, 32, 32, 32, 32, 32, 32, 32, 32, 32, 32, 32, 32, 32, 32</BlackGain>
            <ContrastGain>32, 32, 32, 32, 32, 32, 32, 32, 32, 32, 32, 32, 32, 32, 32, 32</ContrastGain>
            <LightGain>32, 32, 32, 32, 32, 32, 32, 32, 32, 32, 32, 32, 32, 32, 32, 32</LightGain>
            <BlendRatio>0</BlendRatio>
         </DCI>
         <BLC>
           <Blc_R>256, 256, 256, 256, 256, 256, 256, 256, 256, 256, 256, 256, 256, 256, 256, 256</Blc_R>
           <Blc_Gr>256, 256, 256, 256, 256, 256, 256, 256, 256, 256, 256, 256, 256, 256, 256, 256</Blc_Gr>
           <Blc_Gb>256, 256, 256, 256, 256, 256, 256, 256, 256, 256, 256, 256, 256, 256, 256, 256</Blc_Gb>
           <Blc_B>256, 256, 256, 256, 256, 256, 256, 256, 256, 256, 256, 256, 256, 256, 256, 256</Blc_B>
         </BLC>
      </Base>
      <Day>
      </Day>
      <Night>
      </Night>
      <OBJ>
         <ExposureAttr>
           <ExpStep>16</ExpStep>
           <ExpTolerance>10</ExpTolerance>
           <ExpCompensation>47,47,47,47,47,47,47,47,47,47,47,47,47,47,47,47</ExpCompensation>
           <ExpTimeMax>39939,39939,39939,39939,39939,39939,39939,39939,39939,39939,39939,39939,39939,39939,39939,39939</ExpTimeMax>
           <ExpTimeMin>51,51,51,51,51,51,51,51,51,51,51,51,51,51,51,51</ExpTimeMin>
           <SysGainMax>2057660,2057660,2057660,2057660,2057660,2057660,2057660,2057660,2057660,2057660,2057660,2057660,2057660,2057660,2057660,2057660</SysGainMax>
           <SysGainMin>1024,1024,1024,1024,1024,1024,1024,1024,1024,1024,1024,1024,1024,1024,1024,1024</SysGainMin>
         </ExposureAttr>
         <Saturation>
           <Saturation_CSC>110,110,110,110,110,110,110,110,110,110,110,110,110,110,110,110</Saturation_CSC>
           <Saturation_CCM>128,128,128,128,128,128,128,128,128,128,128,128,128,128,128,128</Saturation_CCM>
         </Saturation>
      </OBJ>
      <Zoom>
      </Zoom>
      <Focus>
      </Focus>
   </Linner>
   <WDR>
      <Base>
         <FSWDR>0,0</FSWDR>
         <TopParam>0</TopParam>
         <ExposureAttr>
            <ExpStep>16</ExpStep>
            <ExpTolerance>10</ExpTolerance>
            <ExpCompensation>42,42,40,40,38,38,36,36,34,34,32,32,30,30,30,30</ExpCompensation>
            <ExpTimeMax>39939,39939,39939,39939,39939,39939,39939,39939,39939,39939,39939,39939,39939,39939,39939,39939</ExpTimeMax>
            <ExpTimeMin>51,51,51,51,51,51,51,51,51,51,51,51,51,51,51,51</ExpTimeMin>
            <SysGainMax>2057660,2057660,2057660,2057660,2057660,2057660,2057660,2057660,2057660,2057660,2057660,2057660,2057660,2057660,2057660,2057660</SysGainMax>
            <SysGainMin>1024,1024,1024,1024,1024,1024,1024,1024,1024,1024,1024,1024,1024,1024,1024,1024</SysGainMin>
         </ExposureAttr>
         <DN_S>
            <StSenseLow>1000,0,300,0</StSenseLow>
            <stSenseNormal>800,0,450,0</stSenseNormal>
            <stSenseHigh>700,0,600,0</stSenseHigh>
         </DN_S>
         <Saturation>
            <Saturation_CSC>128, 128, 118, 118, 108, 108, 98, 88, 76, 76, 68, 68, 68, 68, 68, 68</Saturation_CSC>
            <Saturation_CCM>128, 128, 128, 128, 128, 128, 128, 128, 128, 128, 128, 128, 128, 128, 128, 128</Saturation_CCM>
         </Saturation>
         <Sharpen>
            <Enable>1</Enable>
            <OpType>1</OpType>
            <SharpenUd>40, 40, 30, 30, 20, 20, 10, 10, 5, 2, 2, 2, 2, 2, 2, 2</SharpenUd>
            <SharpenD>60, 50, 50, 50, 50, 40, 60, 100, 120, 140, 160, 180, 180, 180, 180, 180</SharpenD>
            <TextureThr>0, 0, 0, 0, 0, 0, 0, 0, 0, 0, 0, 0, 0, 0, 0, 0</TextureThr>
            <SharpenEdge>80, 70, 70, 60, 50, 60, 60, 60, 70, 80, 100, 120, 150, 180, 180, 200</SharpenEdge>
            <EdgeThr>90, 90, 90, 90, 90, 90, 90, 95, 100, 110, 120, 130, 150, 170, 180, 190</EdgeThr>
            <OverShoot>60, 60, 50, 50, 40, 40, 30, 20, 10, 0, 0, 0, 0, 0, 0, 0</OverShoot>
            <UnderShoot>100, 100, 100, 80, 80, 60, 60, 50, 50, 40, 20, 15, 15, 15, 15, 15</UnderShoot>
            <ShootSupStr>128, 128, 128, 100, 100, 94, 87, 72, 42, 27, 12, 0, 0, 0, 0, 0</ShootSupStr>
            <DetailCtrl>128, 128, 128, 128, 128, 128, 128, 128, 128, 128, 128, 128, 128, 128, 128, 128</DetailCtrl>
         </Sharpen>
         <VPSS_Sharpen>
            <OpType>1</OpType>
            <SharpenUd>0, 0, 0, 0, 0, 0, 0, 0, 0, 0, 0, 0, 0, 0, 0, 0</SharpenUd>
            <SharpenD>0, 0, 0, 0, 0, 0, 0, 0, 0, 0, 0, 0, 0, 0, 0, 0</SharpenD>
            <TextureThr>0, 0, 0, 0, 0, 0, 0, 0, 0, 0, 0, 0, 0, 0, 0, 0</TextureThr>
            <SharpenEdge>2, 3, 4, 5, 6, 8, 10, 14, 18, 20, 20, 20, 20, 20, 20, 20</SharpenEdge>
            <EdgeThd>0, 0, 0, 0, 0, 0, 0, 0, 0, 0, 0, 0, 0, 0, 0, 0</EdgeThd>
            <OverShoot>0, 0, 0, 0, 0, 0, 0, 0, 0, 0, 0, 0, 0, 0, 0, 0</OverShoot>
            <UnderShoot>0, 0, 0, 0, 0, 0, 0, 0, 0, 0, 0, 0, 0, 0, 0, 0</UnderShoot>
            <ShootSupStr>0, 0, 0, 0, 0, 0, 0, 0, 0, 0, 0, 0, 0, 0, 0, 0</ShootSupStr>
            <DetailCtrl>128, 128, 128, 128, 128, 128, 128, 128, 128, 128, 128, 128, 128, 128, 128, 128</DetailCtrl>
         </VPSS_Sharpen>
         <NR>
            <Enable>1</Enable>
            <CoarseStr_R>140, 140, 140, 140, 140, 140, 140, 140, 140, 140, 140, 140, 140, 140, 140, 140</CoarseStr_R>
            <CoarseStr_Gr>110, 110, 110, 110, 110, 110, 110, 110, 110, 110, 110, 110, 110, 110, 110, 110</CoarseStr_Gr>
            <CoarseStr_Gb>110, 110, 110, 110, 110, 110, 110, 110, 110, 110, 110, 110, 110, 110, 110, 110</CoarseStr_Gb>
            <CoarseStr_B>140, 140, 140, 140, 140, 140, 140, 140, 140, 140, 140, 140, 140, 140, 140, 140</CoarseStr_B>
            <CoringRatio>600, 600, 600, 600, 650, 650, 650, 650, 700, 700, 700, 700, 700, 700, 750, 750, 800, 800, 800, 850, 850, 850, 900, 900, 900, 950, 950, 950, 1000, 1000, 1000, 1000, 1000</CoringRatio>
            <OpType>1</OpType>
            <ChromaStr_R>1, 1, 1, 1, 2, 2, 2, 3, 3, 3, 3, 3, 3, 3, 3, 3</ChromaStr_R>
            <ChromaStr_Gr>0, 0, 0, 0, 1, 1, 1, 2, 2, 2, 2, 2, 2, 2, 2, 2</ChromaStr_Gr>
            <ChromaStr_Gb>0, 0, 0, 0, 1, 1, 1, 2, 2, 2, 2, 2, 2, 2, 2, 2</ChromaStr_Gb>
            <ChromaStr_B>1, 1, 1, 1, 2, 2, 2, 3, 3, 3, 3, 3, 3, 3, 3, 3</ChromaStr_B>
            <FineStr>100, 85, 75, 58, 52, 50, 40, 20, 0, 0, 0, 0, 0, 0, 0, 0</FineStr>
             <CoringWeight>500, 500, 600, 600, 500, 500, 500, 500, 500, 500, 500, 500, 500, 500, 500, 500</CoringWeight>
            <WDRCoarseStr_1>16, 16, 16, 16, 16, 16, 16, 16, 16, 16, 16, 16, 16, 16, 16, 16</WDRCoarseStr_1>
            <WDRCoarseStr_2>40, 40, 40, 40, 40, 40, 40, 40, 40, 40, 40, 40, 40, 40, 40, 40</WDRCoarseStr_2>
         </NR>
         <NR3D>
            <IES0>0, 0, 0, 0, 0, 0, 0, 0, 0, 0, 0, 0, 0, 0, 0, 0</IES0>
            <SBS0>120, 120, 130, 140, 150, 160, 180, 200, 210, 210, 220, 220, 220, 220, 220, 220</SBS0>
            <SBS1>0, 110, 120, 130, 130, 140, 160, 180, 200, 200, 200, 210, 210, 210, 210, 210</SBS1>
            <SBS2>70, 100, 100, 130, 140, 160, 180, 200, 200, 200, 200, 220, 230, 240, 240, 240</SBS2>
            <SBS3>10, 30, 40, 50, 60, 80, 90, 100, 110, 110, 110, 110, 110, 110, 110, 110</SBS3>
            <SDS0>120, 120, 130, 140, 150, 160, 180, 200, 210, 210, 220, 220, 220, 220, 220, 220</SDS0>
            <SDS1>70, 100, 100, 130, 140, 160, 180, 200, 200, 200, 200, 220, 230, 240, 240, 240</SDS1>
            <SDS2>0, 110, 120, 130, 130, 140, 160, 180, 200, 200, 200, 210, 210, 210, 210, 210</SDS2>
            <SDS3>10, 30, 40, 50, 60, 80, 90, 100, 110, 110, 110, 110, 110, 110, 110, 110</SDS3>
            <STH0>104, 104, 128, 128, 128, 128, 128, 138, 138, 138, 138, 128, 138, 150, 155, 152</STH0>
            <STH1>104, 104, 128, 128, 128, 128, 128, 138, 138, 138, 138, 128, 138, 150, 155, 152</STH1>
            <STH2>104, 104, 128, 128, 128, 128, 128, 138, 138, 138, 138, 128, 138, 150, 155, 152</STH2>
            <STH3>104, 104, 128, 128, 128, 128, 128, 138, 138, 138, 138, 128, 138, 150, 155, 152</STH3>
            <MDP>2, 2, 2, 2, 2, 2, 2, 2, 2, 2, 2, 2, 2, 2, 6, 6</MDP>
            <MATH1>90, 92, 95, 100, 105, 115, 120, 128, 146, 165, 180, 180, 180, 180, 180, 180</MATH1>
            <MATH2>90, 92, 95, 100, 105, 115, 120, 128, 146, 165, 180, 180, 180, 180, 180, 180</MATH2>
            <Pro3>0, 0, 0, 0, 0, 0, 0, 0, 0, 0, 0, 0, 0, 0, 0, 0</Pro3>
            <MDDZ1>32, 32, 32, 32, 32, 32, 32, 56, 80, 100, 128, 128, 150, 150, 200, 200</MDDZ1>
            <MDDZ2>32, 32, 32, 32, 32, 32, 32, 56, 80, 100, 128, 128, 150, 150, 200, 200</MDDZ2>
            <TFS1>8, 8, 8, 8, 9, 9, 9, 10, 10, 11, 11, 11, 11, 12, 12, 12</TFS1>
            <TFS2>8, 8, 8, 8, 9, 9, 9, 10, 10, 11, 11, 11, 11, 12, 12, 12</TFS2>
            <SFC>16, 24, 48, 64, 96, 96, 200, 200, 255, 255, 255, 255, 255, 255, 255, 255</SFC>
            <TFC>4, 4, 6, 6, 7, 10, 16, 20, 32, 32, 32, 32, 32, 32, 32, 32</TFC>
            <TPC>4, 4, 6, 6, 7, 10, 16, 20, 32, 32, 32, 32, 32, 32, 32, 32</TPC>
            <TRC>20, 40, 80, 100, 100, 150, 150, 200, 255, 255, 255, 255, 255, 255, 255, 255</TRC>
            <LNTH>0, 0, 0, 0, 0, 0, 0, 0, 0, 0, 0, 0, 0, 0, 0, 0</LNTH>
         </NR3D>
         <DemosaicAttr>
            <Enable>1</Enable>
            <OpType>1</OpType>
            <EdgeSmoothThr>16, 16, 16, 16, 16, 16, 1022, 1022, 1022, 1022, 1022, 1022, 1022, 1022, 1022, 1022</EdgeSmoothThr>
            <EdgeSmoothSlope>32, 32, 32, 32, 32, 32, 0, 0, 0, 0, 0, 0, 0, 0, 0, 0</EdgeSmoothSlope>
            <AntiAliasThr>53, 53, 53, 53, 53, 53, 1022, 1022, 1022, 1022, 1022, 1022, 1022, 1022, 1022, 1022</AntiAliasThr>
            <AntiAliasSlope>256, 256, 256, 256, 256, 256, 0, 0, 0, 0, 0, 0, 0, 0, 0, 0</AntiAliasSlope>
            <NrCoarseStr>8, 8, 8, 4, 4, 2, 1, 1, 1, 1, 1, 1, 1, 1, 1, 1</NrCoarseStr>
            <DetailEnhanceStr>4, 4, 4, 4, 2, 1, 0, 0, 0, 0, 0, 0, 0, 0, 0, 0</DetailEnhanceStr>
            <SharpenLumaStr>256, 256, 256, 256, 256, 256, 256, 256, 256, 256, 256, 256, 256, 256, 256, 256</SharpenLumaStr>
            <NoiseSuppressStr>0, 0, 0, 0, 0, 0, 0, 0, 0, 0, 0, 0, 0, 0, 0, 0</NoiseSuppressStr>
            <ColorNoiseCtrlThr>0, 0, 0, 0, 0, 0, 0, 0, 0, 0, 0, 0, 0, 0, 0, 0</ColorNoiseCtrlThr>
         </DemosaicAttr>
         <CSC>
            <Contrast>-6, -6, -3, -3, 0, 0, 0, 0, 0, 0, 0, 0, 0, 0, 0, 0</Contrast>
            <LumaVal>-6, -6, -3, -3, 0, 0, 0, 0, 0, 0, 0, 0, 0, 0, 0, 0</LumaVal>
         </CSC>
         <CAC>
            <Enable>1</Enable>
            <PurpleDetRange>100, 100, 100, 100, 100, 100, 100, 100, 100, 100, 100, 100, 100, 100, 100, 100</PurpleDetRange>
            <VarThr>0, 0, 0, 0, 0, 0, 0, 0, 0, 0, 0, 0, 0, 0, 0, 0</VarThr>
            <OpType>1</OpType>
            <DePurpleCrStr>8, 8, 8, 8, 8, 8, 8, 8, 8, 8, 8, 8, 8, 8, 8, 8</DePurpleCrStr>
            <DePurpleCbStr>8, 8, 8, 8, 8, 8, 8, 8, 8, 8, 8, 8, 8, 8, 8, 8</DePurpleCbStr>
         </CAC>
         <DRC>
            <Enable>1</Enable>
            <SpatialVar>6, 6, 6, 6, 6, 6, 6, 6, 6, 6, 6, 6, 6, 6, 6, 6</SpatialVar>
            <RangeVar>8, 8, 8, 8, 8, 8, 8, 8, 8, 8, 8, 8, 8, 8, 8, 8</RangeVar>
            <Asymmetry>2, 2, 2, 2, 2, 2, 2, 2, 2, 2, 2, 2, 2, 2, 2, 2</Asymmetry>
            <SecondPole>180, 180, 180, 180, 180, 180, 180, 180, 180, 180, 180, 180, 180, 180, 180, 180</SecondPole>
            <Stretch>54, 54, 54, 54, 54, 54, 54, 54, 54, 54, 54, 54, 54, 54, 54, 54</Stretch>
            <Compress>180, 180, 180, 180, 180, 180, 180, 180, 180, 180, 180, 180, 180, 180, 180, 180</Compress>
            <PDStrength>35, 35, 35, 35, 35, 35, 35, 35, 35, 35, 35, 35, 35, 35, 35, 35</PDStrength>
            <LocalMixingBrigtht>64, 64, 64, 64, 64, 64, 64, 64, 64, 64, 64, 64, 64, 64, 64, 64</LocalMixingBrigtht>
            <LocalMixingDark>45, 45, 45, 45, 45, 45, 45, 45, 45, 45, 45, 45, 45, 45, 45, 45</LocalMixingDark>
            <ColorCorrectionLut>1024, 1024, 1024, 1024, 1024, 1024, 1024, 1024, 1024, 1024, 1024, 1024, 1024, 1024, 1024, 1024, 1024, 1024, 1024, 1024, 1024, 1024, 1024, 1024, 1024, 1024, 1024, 1024, 1024, 1024, 1024, 1024, 1024</ColorCorrectionLut>
            <OpType>1</OpType>
            <Strength>64, 64, 64, 64, 64, 64, 64, 64, 64, 64, 64, 64, 64, 64, 64, 64</Strength>
         </DRC>
         <DP_Dynamic>
            <Enable>1</Enable>
            <SupTwinkleEn>1</SupTwinkleEn>
            <SoftThr>6, 6, 6, 6, 6, 6, 6, 6, 6, 6, 6, 6, 6, 6, 6, 6</SoftThr>
            <SoftSlope>51, 51, 51, 51, 51, 51, 51, 51, 51, 51, 51, 51, 51, 51, 51, 51</SoftSlope>
            <ISP_OP_TYPE_E>1</ISP_OP_TYPE_E>
            <Strength>100, 100, 150, 150, 150, 200, 220, 220, 220, 220, 252, 252, 252, 252, 252, 252</Strength>
            <BlendRatio>0, 0, 0, 0, 0, 0, 0, 0, 0, 0, 50, 50, 50, 50, 50, 50</BlendRatio>
         </DP_Dynamic>
         <DEFOG>
            <Enable>0</Enable>
            <Strength>128, 128, 128, 128, 128, 128, 128, 128, 128, 128, 128, 128, 128, 128, 128, 128</Strength>
         </DEFOG>
         <DCI>
            <Enable>0</Enable>
            <BlackStretchEn>0</BlackStretchEn>
            <ManBlendEn>0</ManBlendEn>
            <BlackGain>32, 32, 32, 32, 32, 32, 32, 32, 32, 32, 32, 32, 32, 32, 32, 32</BlackGain>
            <ContrastGain>32, 32, 32, 32, 32, 32, 32, 32, 32, 32, 32, 32, 32, 32, 32, 32</ContrastGain>
            <LightGain>32, 32, 32, 32, 32, 32, 32, 32, 32, 32, 32, 32, 32, 32, 32, 32</LightGain>
            <BlendRatio>0</BlendRatio>
         </DCI>
         <BLC>
            <Blc_R>256, 256, 256, 256, 256, 256, 256, 256, 256, 256, 256, 256, 256, 256, 256, 256</Blc_R>
            <Blc_Gr>256, 256, 256, 256, 256, 256, 256, 256, 256, 256, 256, 256, 256, 256, 256, 256</Blc_Gr>
            <Blc_Gb>256, 256, 256, 256, 256, 256, 256, 256, 256, 256, 256, 256, 256, 256, 256, 256</Blc_Gb>
            <Blc_B>256, 256, 256, 256, 256, 256, 256, 256, 256, 256, 256, 256, 256, 256, 256, 256</Blc_B>
         </BLC>
      </Base>
      <Level1>
      </Level1>
      <Level2>
         <DRC>
            <Enable>1</Enable>
            <SpatialVar>6, 6, 6, 6, 6, 6, 6, 6, 6, 6, 6, 6, 6, 6, 6, 6</SpatialVar>
            <RangeVar>8, 8, 8, 8, 8, 8, 8, 8, 8, 8, 8, 8, 8, 8, 8, 8</RangeVar>
            <Asymmetry>2, 2, 2, 2, 2, 2, 2, 2, 2, 2, 2, 2, 2, 2, 2, 2</Asymmetry>
            <SecondPole>180, 180, 180, 180, 180, 180, 180, 180, 180, 180, 180, 180, 180, 180, 180, 180</SecondPole>
            <Stretch>54, 54, 54, 54, 54, 54, 54, 54, 54, 54, 54, 54, 54, 54, 54, 54</Stretch>
            <Compress>180, 180, 180, 180, 180, 180, 180, 180, 180, 180, 180, 180, 180, 180, 180, 180</Compress>
            <PDStrength>35, 35, 35, 35, 35, 35, 35, 35, 35, 35, 35, 35, 35, 35, 35, 35</PDStrength>
            <LocalMixingBrigtht>64, 64, 64, 64, 64, 64, 64, 64, 64, 64, 64, 64, 64, 64, 64, 64</LocalMixingBrigtht>
            <LocalMixingDark>45, 45, 45, 45, 45, 45, 45, 45, 45, 45, 45, 45, 45, 45, 45, 45</LocalMixingDark>
            <ColorCorrectionLut>1024, 1024, 1024, 1024, 1024, 1024, 1024, 1024, 1024, 1024, 1024, 1024, 1024, 1024, 1024, 1024, 1024, 1024, 1024, 1024, 1024, 1024, 1024, 1024, 1024, 1024, 1024, 1024, 1024, 1024, 1024, 1024, 1024</ColorCorrectionLut>
            <OpType>1</OpType>
            <Strength>80, 80, 80, 80, 80, 80, 80, 80, 80, 80, 80, 80, 80, 80, 80, 80</Strength>
         </DRC>
      </Level2>
      <Level3>
         <DRC>
            <Enable>1</Enable>
            <SpatialVar>6, 6, 6, 6, 6, 6, 6, 6, 6, 6, 6, 6, 6, 6, 6, 6</SpatialVar>
            <RangeVar>8, 8, 8, 8, 8, 8, 8, 8, 8, 8, 8, 8, 8, 8, 8, 8</RangeVar>
            <Asymmetry>2, 2, 2, 2, 2, 2, 2, 2, 2, 2, 2, 2, 2, 2, 2, 2</Asymmetry>
            <SecondPole>180, 180, 180, 180, 180, 180, 180, 180, 180, 180, 180, 180, 180, 180, 180, 180</SecondPole>
            <Stretch>54, 54, 54, 54, 54, 54, 54, 54, 54, 54, 54, 54, 54, 54, 54, 54</Stretch>
            <Compress>180, 180, 180, 180, 180, 180, 180, 180, 180, 180, 180, 180, 180, 180, 180, 180</Compress>
            <PDStrength>35, 35, 35, 35, 35, 35, 35, 35, 35, 35, 35, 35, 35, 35, 35, 35</PDStrength>
            <LocalMixingBrigtht>64, 64, 64, 64, 64, 64, 64, 64, 64, 64, 64, 64, 64, 64, 64, 64</LocalMixingBrigtht>
            <LocalMixingDark>45, 45, 45, 45, 45, 45, 45, 45, 45, 45, 45, 45, 45, 45, 45, 45</LocalMixingDark>
            <ColorCorrectionLut>1024, 1024, 1024, 1024, 1024, 1024, 1024, 1024, 1024, 1024, 1024, 1024, 1024, 1024, 1024, 1024, 1024, 1024, 1024, 1024, 1024, 1024, 1024, 1024, 1024, 1024, 1024, 1024, 1024, 1024, 1024, 1024, 1024</ColorCorrectionLut>
            <OpType>1</OpType>
            <Strength>96, 96, 96, 96, 96, 96, 96, 96, 96, 96, 96, 96, 96, 96, 96, 96</Strength>
         </DRC>
      </Level3>
      <Level4>
           <DRC>
            <Enable>1</Enable>
            <SpatialVar>6, 6, 6, 6, 6, 6, 6, 6, 6, 6, 6, 6, 6, 6, 6, 6</SpatialVar>
            <RangeVar>8, 8, 8, 8, 8, 8, 8, 8, 8, 8, 8, 8, 8, 8, 8, 8</RangeVar>
            <Asymmetry>2, 2, 2, 2, 2, 2, 2, 2, 2, 2, 2, 2, 2, 2, 2, 2</Asymmetry>
            <SecondPole>180, 180, 180, 180, 180, 180, 180, 180, 180, 180, 180, 180, 180, 180, 180, 180</SecondPole>
            <Stretch>54, 54, 54, 54, 54, 54, 54, 54, 54, 54, 54, 54, 54, 54, 54, 54</Stretch>
            <Compress>180, 180, 180, 180, 180, 180, 180, 180, 180, 180, 180, 180, 180, 180, 180, 180</Compress>
            <PDStrength>35, 35, 35, 35, 35, 35, 35, 35, 35, 35, 35, 35, 35, 35, 35, 35</PDStrength>
            <LocalMixingBrigtht>64, 64, 64, 64, 64, 64, 64, 64, 64, 64, 64, 64, 64, 64, 64, 64</LocalMixingBrigtht>
            <LocalMixingDark>45, 45, 45, 45, 45, 45, 45, 45, 45, 45, 45, 45, 45, 45, 45, 45</LocalMixingDark>
            <ColorCorrectionLut>1024, 1024, 1024, 1024, 1024, 1024, 1024, 1024, 1024, 1024, 1024, 1024, 1024, 1024, 1024, 1024, 1024, 1024, 1024, 1024, 1024, 1024, 1024, 1024, 1024, 1024, 1024, 1024, 1024, 1024, 1024, 1024, 1024</ColorCorrectionLut>
            <OpType>1</OpType>
            <Strength>112, 112, 112, 112, 112, 112, 112, 112, 112, 112, 112, 112, 112, 112, 112, 112</Strength>
         </DRC>
      </Level4>
      <Level5>
         <DRC>
            <Enable>1</Enable>
            <SpatialVar>6, 6, 6, 6, 6, 6, 6, 6, 6, 6, 6, 6, 6, 6, 6, 6</SpatialVar>
            <RangeVar>8, 8, 8, 8, 8, 8, 8, 8, 8, 8, 8, 8, 8, 8, 8, 8</RangeVar>
            <Asymmetry>2, 2, 2, 2, 2, 2, 2, 2, 2, 2, 2, 2, 2, 2, 2, 2</Asymmetry>
            <SecondPole>180, 180, 180, 180, 180, 180, 180, 180, 180, 180, 180, 180, 180, 180, 180, 180</SecondPole>
            <Stretch>54, 54, 54, 54, 54, 54, 54, 54, 54, 54, 54, 54, 54, 54, 54, 54</Stretch>
            <Compress>180, 180, 180, 180, 180, 180, 180, 180, 180, 180, 180, 180, 180, 180, 180, 180</Compress>
            <PDStrength>35, 35, 35, 35, 35, 35, 35, 35, 35, 35, 35, 35, 35, 35, 35, 35</PDStrength>
            <LocalMixingBrigtht>64, 64, 64, 64, 64, 64, 64, 64, 64, 64, 64, 64, 64, 64, 64, 64</LocalMixingBrigtht>
            <LocalMixingDark>45, 45, 45, 45, 45, 45, 45, 45, 45, 45, 45, 45, 45, 45, 45, 45</LocalMixingDark>
            <ColorCorrectionLut>1024, 1024, 1024, 1024, 1024, 1024, 1024, 1024, 1024, 1024, 1024, 1024, 1024, 1024, 1024, 1024, 1024, 1024, 1024, 1024, 1024, 1024, 1024, 1024, 1024, 1024, 1024, 1024, 1024, 1024, 1024, 1024, 1024</ColorCorrectionLut>
            <OpType>1</OpType>
            <Strength>128, 128, 128, 128, 128, 128, 128, 128, 128, 128, 128, 128, 128, 128, 128, 128</Strength>
         </DRC>
      </Level5>
      <Level6>
         <DRC>
            <Enable>1</Enable>
            <SpatialVar>6, 6, 6, 6, 6, 6, 6, 6, 6, 6, 6, 6, 6, 6, 6, 6</SpatialVar>
            <RangeVar>8, 8, 8, 8, 8, 8, 8, 8, 8, 8, 8, 8, 8, 8, 8, 8</RangeVar>
            <Asymmetry>2, 2, 2, 2, 2, 2, 2, 2, 2, 2, 2, 2, 2, 2, 2, 2</Asymmetry>
            <SecondPole>180, 180, 180, 180, 180, 180, 180, 180, 180, 180, 180, 180, 180, 180, 180, 180</SecondPole>
            <Stretch>54, 54, 54, 54, 54, 54, 54, 54, 54, 54, 54, 54, 54, 54, 54, 54</Stretch>
            <Compress>180, 180, 180, 180, 180, 180, 180, 180, 180, 180, 180, 180, 180, 180, 180, 180</Compress>
            <PDStrength>35, 35, 35, 35, 35, 35, 35, 35, 35, 35, 35, 35, 35, 35, 35, 35</PDStrength>
            <LocalMixingBrigtht>64, 64, 64, 64, 64, 64, 64, 64, 64, 64, 64, 64, 64, 64, 64, 64</LocalMixingBrigtht>
            <LocalMixingDark>45, 45, 45, 45, 45, 45, 45, 45, 45, 45, 45, 45, 45, 45, 45, 45</LocalMixingDark>
            <ColorCorrectionLut>1024, 1024, 1024, 1024, 1024, 1024, 1024, 1024, 1024, 1024, 1024, 1024, 1024, 1024, 1024, 1024, 1024, 1024, 1024, 1024, 1024, 1024, 1024, 1024, 1024, 1024, 1024, 1024, 1024, 1024, 1024, 1024, 1024</ColorCorrectionLut>
            <OpType>1</OpType>
            <Strength>144, 144, 144, 144, 144, 144, 144, 144, 144, 144, 144, 144, 144, 144, 144, 144</Strength>
         </DRC>
      </Level6>
      <Level7>
         <DRC>
            <Enable>1</Enable>
            <SpatialVar>6, 6, 6, 6, 6, 6, 6, 6, 6, 6, 6, 6, 6, 6, 6, 6</SpatialVar>
            <RangeVar>8, 8, 8, 8, 8, 8, 8, 8, 8, 8, 8, 8, 8, 8, 8, 8</RangeVar>
            <Asymmetry>2, 2, 2, 2, 2, 2, 2, 2, 2, 2, 2, 2, 2, 2, 2, 2</Asymmetry>
            <SecondPole>180, 180, 180, 180, 180, 180, 180, 180, 180, 180, 180, 180, 180, 180, 180, 180</SecondPole>
            <Stretch>54, 54, 54, 54, 54, 54, 54, 54, 54, 54, 54, 54, 54, 54, 54, 54</Stretch>
            <Compress>180, 180, 180, 180, 180, 180, 180, 180, 180, 180, 180, 180, 180, 180, 180, 180</Compress>
            <PDStrength>35, 35, 35, 35, 35, 35, 35, 35, 35, 35, 35, 35, 35, 35, 35, 35</PDStrength>
            <LocalMixingBrigtht>64, 64, 64, 64, 64, 64, 64, 64, 64, 64, 64, 64, 64, 64, 64, 64</LocalMixingBrigtht>
            <LocalMixingDark>45, 45, 45, 45, 45, 45, 45, 45, 45, 45, 45, 45, 45, 45, 45, 45</LocalMixingDark>
            <ColorCorrectionLut>1024, 1024, 1024, 1024, 1024, 1024, 1024, 1024, 1024, 1024, 1024, 1024, 1024, 1024, 1024, 1024, 1024, 1024, 1024, 1024, 1024, 1024, 1024, 1024, 1024, 1024, 1024, 1024, 1024, 1024, 1024, 1024, 1024</ColorCorrectionLut>
            <OpType>1</OpType>
            <Strength>160, 160, 160, 160, 160, 160, 160, 160, 160, 160, 160, 160, 160, 160, 160, 160</Strength>
         </DRC>
      </Level7>
      <Level8>
         <DRC>
            <Enable>1</Enable>
            <SpatialVar>6, 6, 6, 6, 6, 6, 6, 6, 6, 6, 6, 6, 6, 6, 6, 6</SpatialVar>
            <RangeVar>8, 8, 8, 8, 8, 8, 8, 8, 8, 8, 8, 8, 8, 8, 8, 8</RangeVar>
            <Asymmetry>2, 2, 2, 2, 2, 2, 2, 2, 2, 2, 2, 2, 2, 2, 2, 2</Asymmetry>
            <SecondPole>180, 180, 180, 180, 180, 180, 180, 180, 180, 180, 180, 180, 180, 180, 180, 180</SecondPole>
            <Stretch>54, 54, 54, 54, 54, 54, 54, 54, 54, 54, 54, 54, 54, 54, 54, 54</Stretch>
            <Compress>180, 180, 180, 180, 180, 180, 180, 180, 180, 180, 180, 180, 180, 180, 180, 180</Compress>
            <PDStrength>35, 35, 35, 35, 35, 35, 35, 35, 35, 35, 35, 35, 35, 35, 35, 35</PDStrength>
            <LocalMixingBrigtht>64, 64, 64, 64, 64, 64, 64, 64, 64, 64, 64, 64, 64, 64, 64, 64</LocalMixingBrigtht>
            <LocalMixingDark>45, 45, 45, 45, 45, 45, 45, 45, 45, 45, 45, 45, 45, 45, 45, 45</LocalMixingDark>
            <ColorCorrectionLut>1024, 1024, 1024, 1024, 1024, 1024, 1024, 1024, 1024, 1024, 1024, 1024, 1024, 1024, 1024, 1024, 1024, 1024, 1024, 1024, 1024, 1024, 1024, 1024, 1024, 1024, 1024, 1024, 1024, 1024, 1024, 1024, 1024</ColorCorrectionLut>
            <OpType>1</OpType>
            <Strength>176, 176, 176, 176, 176, 176, 176, 176, 176, 176, 176, 176, 176, 176, 176, 176</Strength>
         </DRC>
      </Level8>
      <Level9>
         <DRC>
            <Enable>1</Enable>
            <SpatialVar>6, 6, 6, 6, 6, 6, 6, 6, 6, 6, 6, 6, 6, 6, 6, 6</SpatialVar>
            <RangeVar>8, 8, 8, 8, 8, 8, 8, 8, 8, 8, 8, 8, 8, 8, 8, 8</RangeVar>
            <Asymmetry>2, 2, 2, 2, 2, 2, 2, 2, 2, 2, 2, 2, 2, 2, 2, 2</Asymmetry>
            <SecondPole>180, 180, 180, 180, 180, 180, 180, 180, 180, 180, 180, 180, 180, 180, 180, 180</SecondPole>
            <Stretch>54, 54, 54, 54, 54, 54, 54, 54, 54, 54, 54, 54, 54, 54, 54, 54</Stretch>
            <Compress>180, 180, 180, 180, 180, 180, 180, 180, 180, 180, 180, 180, 180, 180, 180, 180</Compress>
            <PDStrength>35, 35, 35, 35, 35, 35, 35, 35, 35, 35, 35, 35, 35, 35, 35, 35</PDStrength>
            <LocalMixingBrigtht>64, 64, 64, 64, 64, 64, 64, 64, 64, 64, 64, 64, 64, 64, 64, 64</LocalMixingBrigtht>
            <LocalMixingDark>45, 45, 45, 45, 45, 45, 45, 45, 45, 45, 45, 45, 45, 45, 45, 45</LocalMixingDark>
            <ColorCorrectionLut>1024, 1024, 1024, 1024, 1024, 1024, 1024, 1024, 1024, 1024, 1024, 1024, 1024, 1024, 1024, 1024, 1024, 1024, 1024, 1024, 1024, 1024, 1024, 1024, 1024, 1024, 1024, 1024, 1024, 1024, 1024, 1024, 1024</ColorCorrectionLut>
            <OpType>1</OpType>
            <Strength>192, 192, 192, 192, 192, 192, 192, 192, 192, 192, 192, 192, 192, 192, 192, 192</Strength>
         </DRC>
      </Level9>
   </WDR>
   <HLC>
      <Base>
         <FSWDR>0,0</FSWDR>
         <TopParam>0</TopParam>
         <ExposureAttr>
            <ExpStep>16</ExpStep>
            <ExpTolerance>10</ExpTolerance>
            <ExpCompensation>60,58,56,54,52,50,47,44,41,38,36,36,36,36,36,36</ExpCompensation>
            <ExpTimeMax>39939,39939,39939,39939,39939,39939,39939,39939,39939,39939,39939,39939,39939,39939,39939,39939</ExpTimeMax>
            <ExpTimeMin>51,51,51,51,51,51,51,51,51,51,51,51,51,51,51,51</ExpTimeMin>
            <SysGainMax>8192,8192,8192,8192,8192,8192,8192,8192,8192,8192,8192,8192,8192,8192,8192,8192</SysGainMax>
            <SysGainMin>1024,1024,1024,1024,1024,1024,1024,1024,1024,1024,1024,1024,1024,1024,1024,1024</SysGainMin>
         </ExposureAttr>
         <DN_S>
            <StSenseLow>1000,0,300,0</StSenseLow>
            <stSenseNormal>800,0,450,0</stSenseNormal>
            <stSenseHigh>700,0,600,0</stSenseHigh>
         </DN_S>
         <Saturation>
            <Saturation_CSC>128, 128, 118, 118, 108, 108, 98, 88, 76, 76, 68, 68, 68, 68, 68, 68</Saturation_CSC>
            <Saturation_CCM>128, 128, 128, 128, 128, 128, 128, 128, 128, 128, 128, 128, 128, 128, 128, 128</Saturation_CCM>
         </Saturation>
         <Sharpen>
            <Enable>1</Enable>
            <OpType>1</OpType>
            <SharpenUd>50, 50, 40, 40, 35, 33, 25, 22, 15, 10, 10, 8, 5, 5, 5, 5</SharpenUd>
            <SharpenD>80, 80, 90, 90, 90, 90, 100, 130, 150, 160, 180, 200, 200, 200, 200, 200</SharpenD>
            <TextureThr>0, 0, 0, 0, 0, 0, 0, 0, 0, 0, 0, 0, 0, 0, 0, 0</TextureThr>
            <SharpenEdge>80, 70, 70, 60, 50, 60, 60, 60, 70, 80, 100, 120, 150, 180, 180, 200</SharpenEdge>
            <EdgeThr>90, 90, 90, 90, 90, 90, 90, 95, 100, 110, 120, 130, 150, 170, 180, 190</EdgeThr>
            <OverShoot>60, 60, 50, 50, 40, 40, 30, 20, 10, 0, 0, 0, 0, 0, 0, 0</OverShoot>
            <UnderShoot>100, 100, 100, 80, 80, 60, 60, 50, 50, 40, 20, 15, 15, 15, 15, 15</UnderShoot>
            <ShootSupStr>128, 128, 128, 100, 100, 94, 87, 72, 42, 27, 12, 0, 0, 0, 0, 0</ShootSupStr>
            <DetailCtrl>128, 128, 128, 128, 128, 128, 128, 128, 128, 128, 128, 128, 128, 128, 128, 128</DetailCtrl>
         </Sharpen>
         <VPSS_Sharpen>
            <OpType>1</OpType>
            <SharpenUd>0, 0, 0, 0, 0, 0, 0, 0, 0, 0, 0, 0, 0, 0, 0, 0</SharpenUd>
            <SharpenD>0, 0, 0, 0, 0, 0, 0, 0, 0, 0, 0, 0, 0, 0, 0, 0</SharpenD>
            <TextureThr>0, 0, 0, 0, 0, 0, 0, 0, 0, 0, 0, 0, 0, 0, 0, 0</TextureThr>
            <SharpenEdge>2, 3, 4, 5, 6, 8, 10, 14, 18, 20, 20, 20, 20, 20, 20, 20</SharpenEdge>
            <EdgeThd>0, 0, 0, 0, 0, 0, 0, 0, 0, 0, 0, 0, 0, 0, 0, 0</EdgeThd>
            <OverShoot>0, 0, 0, 0, 0, 0, 0, 0, 0, 0, 0, 0, 0, 0, 0, 0</OverShoot>
            <UnderShoot>0, 0, 0, 0, 0, 0, 0, 0, 0, 0, 0, 0, 0, 0, 0, 0</UnderShoot>
            <ShootSupStr>0, 0, 0, 0, 0, 0, 0, 0, 0, 0, 0, 0, 0, 0, 0, 0</ShootSupStr>
            <DetailCtrl>128, 128, 128, 128, 128, 128, 128, 128, 128, 128, 128, 128, 128, 128, 128, 128</DetailCtrl>
         </VPSS_Sharpen>
         <NR>
            <Enable>1</Enable>
            <CoarseStr_R>140, 140, 140, 140, 140, 140, 140, 140, 140, 140, 140, 140, 140, 140, 140, 140</CoarseStr_R>
            <CoarseStr_Gr>110, 110, 110, 110, 110, 110, 110, 110, 110, 110, 110, 110, 110, 110, 110, 110</CoarseStr_Gr>
            <CoarseStr_Gb>110, 110, 110, 110, 110, 110, 110, 110, 110, 110, 110, 110, 110, 110, 110, 110</CoarseStr_Gb>
            <CoarseStr_B>140, 140, 140, 140, 140, 140, 140, 140, 140, 140, 140, 140, 140, 140, 140, 140</CoarseStr_B>
            <CoringRatio>600, 600, 600, 600, 650, 650, 650, 650, 700, 700, 700, 700, 700, 700, 750, 750, 800, 800, 800, 850, 850, 850, 900, 900, 900, 950, 950, 950, 1000, 1000, 1000, 1000, 1000</CoringRatio>
            <OpType>1</OpType>
            <ChromaStr_R>1, 1, 1, 1, 2, 2, 2, 3, 3, 3, 3, 3, 3, 3, 3, 3</ChromaStr_R>
            <ChromaStr_Gr>0, 0, 0, 0, 1, 1, 1, 2, 2, 2, 2, 2, 2, 2, 2, 2</ChromaStr_Gr>
            <ChromaStr_Gb>0, 0, 0, 0, 1, 1, 1, 2, 2, 2, 2, 2, 2, 2, 2, 2</ChromaStr_Gb>
            <ChromaStr_B>1, 1, 1, 1, 2, 2, 2, 3, 3, 3, 3, 3, 3, 3, 3, 3</ChromaStr_B>
            <FineStr>100, 85, 75, 58, 52, 50, 40, 20, 0, 0, 0, 0, 0, 0, 0, 0</FineStr>
            <CoringWeight>500, 500, 600, 600, 500, 500, 500, 500, 500, 500, 0, 0, 0, 0, 0, 0</CoringWeight>
            <WDRCoarseStr_1>16, 16, 16, 16, 16, 16, 16, 16, 16, 16, 16, 16, 16, 16, 16, 16</WDRCoarseStr_1>
            <WDRCoarseStr_2>40, 40, 40, 40, 40, 40, 40, 40, 40, 40, 40, 40, 40, 40, 40, 40</WDRCoarseStr_2>
         </NR>
         <NR3D>
            <IES0>0, 0, 0, 0, 0, 0, 0, 0, 0, 0, 0, 0, 0, 0, 0, 0</IES0>
            <SBS0>120, 120, 130, 140, 150, 160, 180, 200, 210, 210, 220, 220, 220, 220, 220, 220</SBS0>
            <SBS1>0, 110, 120, 130, 130, 140, 160, 180, 200, 200, 200, 210, 210, 210, 210, 210</SBS1>
            <SBS2>70, 100, 100, 130, 140, 160, 180, 200, 200, 200, 200, 220, 230, 240, 240, 240</SBS2>
            <SBS3>10, 30, 40, 50, 60, 80, 90, 100, 110, 110, 110, 110, 110, 110, 110, 110</SBS3>
            <SDS0>120, 120, 130, 140, 150, 160, 180, 200, 210, 210, 220, 220, 220, 220, 220, 220</SDS0>
            <SDS1>70, 100, 100, 130, 140, 160, 180, 200, 200, 200, 200, 220, 230, 240, 240, 240</SDS1>
            <SDS2>0, 110, 120, 130, 130, 140, 160, 180, 200, 200, 200, 210, 210, 210, 210, 210</SDS2>
            <SDS3>10, 30, 40, 50, 60, 80, 90, 100, 110, 110, 110, 110, 110, 110, 110, 110</SDS3>
            <STH0>104, 104, 128, 128, 128, 128, 128, 138, 138, 138, 138, 128, 138, 150, 155, 152</STH0>
            <STH1>104, 104, 128, 128, 128, 128, 128, 138, 138, 138, 138, 128, 138, 150, 155, 152</STH1>
            <STH2>104, 104, 128, 128, 128, 128, 128, 138, 138, 138, 138, 128, 138, 150, 155, 152</STH2>
            <STH3>104, 104, 128, 128, 128, 128, 128, 138, 138, 138, 138, 128, 138, 150, 155, 152</STH3>
            <MDP>2, 2, 2, 2, 2, 2, 2, 2, 2, 2, 2, 2, 2, 2, 6, 6</MDP>
            <MATH1>90, 92, 95, 100, 105, 115, 120, 128, 146, 165, 180, 180, 180, 180, 180, 180</MATH1>
            <MATH2>90, 92, 95, 100, 105, 115, 120, 128, 146, 165, 180, 180, 180, 180, 180, 180</MATH2>
            <Pro3>0, 0, 0, 0, 0, 0, 0, 0, 0, 0, 0, 0, 0, 0, 0, 0</Pro3>
            <MDDZ1>32, 32, 32, 32, 32, 32, 32, 56, 80, 100, 128, 128, 150, 150, 200, 200</MDDZ1>
            <MDDZ2>32, 32, 32, 32, 32, 32, 32, 56, 80, 100, 128, 128, 150, 150, 200, 200</MDDZ2>
            <TFS1>8, 8, 8, 8, 9, 9, 9, 10, 10, 11, 11, 11, 11, 12, 12, 12</TFS1>
            <TFS2>8, 8, 8, 8, 9, 9, 9, 10, 10, 11, 11, 11, 11, 12, 12, 12</TFS2>
            <SFC>16, 24, 48, 64, 96, 96, 200, 200, 255, 255, 255, 255, 255, 255, 255, 255</SFC>
            <TFC>4, 4, 6, 6, 7, 10, 16, 20, 32, 32, 32, 32, 32, 32, 32, 32</TFC>
            <TPC>4, 4, 6, 6, 7, 10, 16, 20, 32, 32, 32, 32, 32, 32, 32, 32</TPC>
            <TRC>20, 40, 80, 100, 100, 150, 150, 200, 255, 255, 255, 255, 255, 255, 255, 255</TRC>
            <LNTH>0, 0, 0, 0, 0, 0, 0, 0, 0, 0, 0, 0, 0, 0, 0, 0</LNTH>
         </NR3D>
         <DemosaicAttr>
            <Enable>1</Enable>
            <OpType>1</OpType>
            <EdgeSmoothThr>16, 16, 16, 16, 16, 16, 1022, 1022, 1022, 1022, 1022, 1022, 1022, 1022, 1022, 1022</EdgeSmoothThr>
            <EdgeSmoothSlope>32, 32, 32, 32, 32, 32, 0, 0, 0, 0, 0, 0, 0, 0, 0, 0</EdgeSmoothSlope>
            <AntiAliasThr>53, 53, 53, 53, 53, 53, 1022, 1022, 1022, 1022, 1022, 1022, 1022, 1022, 1022, 1022</AntiAliasThr>
            <AntiAliasSlope>256, 256, 256, 256, 256, 256, 0, 0, 0, 0, 0, 0, 0, 0, 0, 0</AntiAliasSlope>
            <NrCoarseStr>8, 8, 8, 4, 4, 2, 1, 1, 1, 1, 1, 1, 1, 1, 1, 1</NrCoarseStr>
            <DetailEnhanceStr>4, 4, 4, 4, 2, 1, 0, 0, 0, 0, 0, 0, 0, 0, 0, 0</DetailEnhanceStr>
            <SharpenLumaStr>256, 256, 256, 256, 256, 256, 256, 256, 256, 256, 256, 256, 256, 256, 256, 256</SharpenLumaStr>
            <NoiseSuppressStr>0, 0, 0, 0, 0, 0, 0, 0, 0, 0, 0, 0, 0, 0, 0, 0</NoiseSuppressStr>
            <ColorNoiseCtrlThr>0, 0, 0, 0, 0, 0, 0, 0, 0, 0, 0, 0, 0, 0, 0, 0</ColorNoiseCtrlThr>
         </DemosaicAttr>
         <CSC>
            <Contrast>-6, -6, -3, -3, 0, 0, 0, 0, 0, 0, 0, 0, 0, 0, 0, 0</Contrast>
            <LumaVal>-6, -6, -3, -3, 0, 0, 0, 0, 0, 0, 0, 0, 0, 0, 0, 0</LumaVal>
         </CSC>
         <CAC>
            <Enable>1</Enable>
            <PurpleDetRange>100, 100, 100, 100, 100, 100, 100, 100, 100, 100, 100, 100, 100, 100, 100, 100</PurpleDetRange>
            <VarThr>0, 0, 0, 0, 0, 0, 0, 0, 0, 0, 0, 0, 0, 0, 0, 0</VarThr>
            <OpType>1</OpType>
            <DePurpleCrStr>8, 8, 8, 8, 8, 8, 8, 8, 8, 8, 8, 8, 8, 8, 8, 8</DePurpleCrStr>
            <DePurpleCbStr>8, 8, 8, 8, 8, 8, 8, 8, 8, 8, 8, 8, 8, 8, 8, 8</DePurpleCbStr>
         </CAC>
         <DRC>
            <Enable>1</Enable>
            <SpatialVar>6, 6, 6, 6, 6, 6, 6, 6, 6, 6, 6, 6, 6, 6, 6, 6</SpatialVar>
            <RangeVar>8, 8, 8, 8, 8, 8, 8, 8, 8, 8, 8, 8, 8, 8, 8, 8</RangeVar>
            <Asymmetry>2, 2, 2, 2, 2, 2, 2, 2, 2, 2, 2, 2, 2, 2, 2, 2</Asymmetry>
            <SecondPole>180, 180, 180, 180, 180, 180, 180, 180, 180, 180, 180, 180, 180, 180, 180, 180</SecondPole>
            <Stretch>54, 54, 54, 54, 54, 54, 54, 54, 54, 54, 54, 54, 54, 54, 54, 54</Stretch>
            <Compress>180, 180, 180, 180, 180, 180, 180, 180, 180, 180, 180, 180, 180, 180, 180, 180</Compress>
            <PDStrength>35, 35, 35, 35, 35, 35, 35, 35, 35, 35, 35, 35, 35, 35, 35, 35</PDStrength>
            <LocalMixingBrigtht>64, 64, 64, 64, 64, 64, 64, 64, 64, 64, 64, 64, 64, 64, 64, 64</LocalMixingBrigtht>
            <LocalMixingDark>45, 45, 45, 45, 45, 45, 45, 45, 45, 45, 45, 45, 45, 45, 45, 45</LocalMixingDark>
            <ColorCorrectionLut>1024, 1024, 1024, 1024, 1024, 1024, 1024, 1024, 1024, 1024, 1024, 1024, 1024, 1024, 1024, 1024, 1024, 1024, 1024, 1024, 1024, 1024, 1024, 1024, 1024, 1024, 1024, 1024, 1024, 1024, 1024, 1024, 1024</ColorCorrectionLut>
            <OpType>1</OpType>
            <Strength>30, 60, 100, 100, 100, 100, 100, 100, 100, 100, 100, 100, 100, 100, 100, 100</Strength>
         </DRC>
         <DP_Dynamic>
            <Enable>1</Enable>
            <SupTwinkleEn>1</SupTwinkleEn>
            <SoftThr>6, 6, 6, 6, 6, 6, 6, 6, 6, 6, 6, 6, 6, 6, 6, 6</SoftThr>
            <SoftSlope>51, 51, 51, 51, 51, 51, 51, 51, 51, 51, 51, 51, 51, 51, 51, 51</SoftSlope>
            <ISP_OP_TYPE_E>1</ISP_OP_TYPE_E>
            <Strength>100, 100, 150, 150, 150, 200, 220, 220, 220, 220, 252, 252, 252, 252, 252, 252</Strength>
            <BlendRatio>0, 0, 0, 0, 0, 0, 0, 0, 0, 0, 50, 50, 50, 50, 50, 50</BlendRatio>
         </DP_Dynamic>
         <DEFOG>
            <Enable>0</Enable>
            <Strength>128, 128, 128, 128, 128, 128, 128, 128, 128, 128, 128, 128, 128, 128, 128, 128</Strength>
         </DEFOG>
         <DCI>
            <Enable>0</Enable>
            <BlackStretchEn>0</BlackStretchEn>
            <ManBlendEn>0</ManBlendEn>
            <BlackGain>32, 32, 32, 32, 32, 32, 32, 32, 32, 32, 32, 32, 32, 32, 32, 32</BlackGain>
            <ContrastGain>32, 32, 32, 32, 32, 32, 32, 32, 32, 32, 32, 32, 32, 32, 32, 32</ContrastGain>
            <LightGain>32, 32, 32, 32, 32, 32, 32, 32, 32, 32, 32, 32, 32, 32, 32, 32</LightGain>
            <BlendRatio>0</BlendRatio>
         </DCI>
         <BLC>
            <Blc_R>256, 256, 256, 256, 256, 256, 256, 256, 256, 256, 256, 256, 256, 256, 256, 256</Blc_R>
            <Blc_Gr>256, 256, 256, 256, 256, 256, 256, 256, 256, 256, 256, 256, 256, 256, 256, 256</Blc_Gr>
            <Blc_Gb>256, 256, 256, 256, 256, 256, 256, 256, 256, 256, 256, 256, 256, 256, 256, 256</Blc_Gb>
            <Blc_B>256, 256, 256, 256, 256, 256, 256, 256, 256, 256, 256, 256, 256, 256, 256, 256</Blc_B>
         </BLC>
      </Base>
      <Level1>
      </Level1>
      <Level2>
         <ExposureAttr>
            <ExpStep>16</ExpStep>
            <ExpTolerance>10</ExpTolerance>
            <ExpCompensation>62,61,59,56,53,50,47,44,41,38,36,36,36,36,36,36</ExpCompensation>
            <ExpTimeMax>39939,39939,39939,39939,39939,39939,39939,39939,39939,39939,39939,39939,39939,39939,39939,39939</ExpTimeMax>
            <ExpTimeMin>51,51,51,51,51,51,51,51,51,51,51,51,51,51,51,51</ExpTimeMin>
            <SysGainMax>9216,9216,9216,9216,9216,9216,9216,9216,9216,9216,9216,9216,9216,9216,9216,9216</SysGainMax>
            <SysGainMin>1024,1024,1024,1024,1024,1024,1024,1024,1024,1024,1024,1024,1024,1024,1024,1024</SysGainMin>
         </ExposureAttr>
      </Level2>
      <Level3>
         <ExposureAttr>
            <ExpStep>16</ExpStep>
            <ExpTolerance>10</ExpTolerance>
            <ExpCompensation>62,61,59,56,53,50,47,44,41,38,36,36,36,36,36,36</ExpCompensation>
            <ExpTimeMax>39939,39939,39939,39939,39939,39939,39939,39939,39939,39939,39939,39939,39939,39939,39939,39939</ExpTimeMax>
            <ExpTimeMin>51,51,51,51,51,51,51,51,51,51,51,51,51,51,51,51</ExpTimeMin>
            <SysGainMax>10322,10322,10322,10322,10322,10322,10322,10322,10322,10322,10322,10322,10322,10322,10322,10322</SysGainMax>
            <SysGainMin>1024,1024,1024,1024,1024,1024,1024,1024,1024,1024,1024,1024,1024,1024,1024,1024</SysGainMin>
         </ExposureAttr>
      </Level3>
      <Level4>
         <ExposureAttr>
            <ExpStep>16</ExpStep>
            <ExpTolerance>10</ExpTolerance>
            <ExpCompensation>62,61,59,56,53,50,47,44,41,38,36,36,36,36,36,36</ExpCompensation>
            <ExpTimeMax>39939,39939,39939,39939,39939,39939,39939,39939,39939,39939,39939,39939,39939,39939,39939,39939</ExpTimeMax>
            <ExpTimeMin>51,51,51,51,51,51,51,51,51,51,51,51,51,51,51,51</ExpTimeMin>
            <SysGainMax>11586,11586,11586,11586,11586,11586,11586,11586,11586,11586,11586,11586,11586,11586,11586,11586</SysGainMax>
            <SysGainMin>1024,1024,1024,1024,1024,1024,1024,1024,1024,1024,1024,1024,1024,1024,1024,1024</SysGainMin>
         </ExposureAttr>
      </Level4>
      <Level5>
         <ExposureAttr>
            <ExpStep>16</ExpStep>
            <ExpTolerance>10</ExpTolerance>
            <ExpCompensation>62,61,59,56,53,50,47,44,41,38,36,36,36,36,36,36</ExpCompensation>
            <ExpTimeMax>39939,39939,39939,39939,39939,39939,39939,39939,39939,39939,39939,39939,39939,39939,39939,39939</ExpTimeMax>
            <ExpTimeMin>51,51,51,51,51,51,51,51,51,51,51,51,51,51,51,51</ExpTimeMin>
            <SysGainMax>13005,13005,13005,13005,13005,13005,13005,13005,13005,13005,13005,13005,13005,13005,13005,13005</SysGainMax>
            <SysGainMin>1024,1024,1024,1024,1024,1024,1024,1024,1024,1024,1024,1024,1024,1024,1024,1024</SysGainMin>
         </ExposureAttr>
      </Level5>
      <Level6>
         <ExposureAttr>
            <ExpStep>16</ExpStep>
            <ExpTolerance>10</ExpTolerance>
            <ExpCompensation>62,61,59,56,53,50,47,44,41,38,36,36,36,36,36,36</ExpCompensation>
            <ExpTimeMax>39939,39939,39939,39939,39939,39939,39939,39939,39939,39939,39939,39939,39939,39939,39939,39939</ExpTimeMax>
            <ExpTimeMin>51,51,51,51,51,51,51,51,51,51,51,51,51,51,51,51</ExpTimeMin>
            <SysGainMax>14597,14597,14597,14597,14597,14597,14597,14597,14597,14597,14597,14597,14597,14597,14597,14597</SysGainMax>
            <SysGainMin>1024,1024,1024,1024,1024,1024,1024,1024,1024,1024,1024,1024,1024,1024,1024,1024</SysGainMin>
         </ExposureAttr>
      </Level6>
      <Level7>
         <ExposureAttr>
            <ExpStep>16</ExpStep>
            <ExpTolerance>10</ExpTolerance>
            <ExpCompensation>62,61,59,56,53,50,47,44,41,38,36,36,36,36,36,36</ExpCompensation>
            <ExpTimeMax>39939,39939,39939,39939,39939,39939,39939,39939,39939,39939,39939,39939,39939,39939,39939,39939</ExpTimeMax>
            <ExpTimeMin>51,51,51,51,51,51,51,51,51,51,51,51,51,51,51,51</ExpTimeMin>
            <SysGainMax>16384,16384,16384,16384,16384,16384,16384,16384,16384,16384,16384,16384,16384,16384,16384,16384</SysGainMax>
            <SysGainMin>1024,1024,1024,1024,1024,1024,1024,1024,1024,1024,1024,1024,1024,1024,1024,1024</SysGainMin>
         </ExposureAttr>
      </Level7>
      <Level8>
         <ExposureAttr>
            <ExpStep>16</ExpStep>
            <ExpTolerance>10</ExpTolerance>
            <ExpCompensation>62,61,59,56,53,50,47,44,41,38,36,36,36,36,36,36</ExpCompensation>
            <ExpTimeMax>39939,39939,39939,39939,39939,39939,39939,39939,39939,39939,39939,39939,39939,39939,39939,39939</ExpTimeMax>
            <ExpTimeMin>51,51,51,51,51,51,51,51,51,51,51,51,51,51,51,51</ExpTimeMin>
            <SysGainMax>18391,18391,18391,18391,18391,18391,18391,18391,18391,18391,18391,18391,18391,18391,18391,18391</SysGainMax>
            <SysGainMin>1024,1024,1024,1024,1024,1024,1024,1024,1024,1024,1024,1024,1024,1024,1024,1024</SysGainMin>
         </ExposureAttr>
      </Level8>
      <Level9>
         <ExposureAttr>
            <ExpStep>16</ExpStep>
            <ExpTolerance>10</ExpTolerance>
            <ExpCompensation>62,61,59,56,53,50,47,44,41,38,36,36,36,36,36,36</ExpCompensation>
            <ExpTimeMax>39939,39939,39939,39939,39939,39939,39939,39939,39939,39939,39939,39939,39939,39939,39939,39939</ExpTimeMax>
            <ExpTimeMin>51,51,51,51,51,51,51,51,51,51,51,51,51,51,51,51</ExpTimeMin>
            <SysGainMax>20643,20643,20643,20643,20643,20643,20643,20643,20643,20643,20643,20643,20643,20643,20643,20643</SysGainMax>
            <SysGainMin>1024,1024,1024,1024,1024,1024,1024,1024,1024,1024,1024,1024,1024,1024,1024,1024</SysGainMin>
         </ExposureAttr>
      </Level9>
   </HLC>
   <DEFOG>
      <Base>
         <FSWDR>0,0</FSWDR>
         <TopParam>0</TopParam>
         <ExposureAttr>
            <ExpStep>16</ExpStep>
            <ExpTolerance>10</ExpTolerance>
            <ExpCompensation>46,46,46,46,46,46,46,44,41,38,36,36,36,36,36,36</ExpCompensation>
            <ExpTimeMax>39939,39939,39939,39939,39939,39939,39939,39939,39939,39939,39939,39939,39939,39939,39939,39939</ExpTimeMax>
            <ExpTimeMin>51,51,51,51,51,51,51,51,51,51,51,51,51,51,51,51</ExpTimeMin>
            <SysGainMax>2057660,2057660,2057660,2057660,2057660,2057660,2057660,2057660,2057660,2057660,2057660,2057660,2057660,2057660,2057660,2057660</SysGainMax>
            <SysGainMin>1024,1024,1024,1024,1024,1024,1024,1024,1024,1024,1024,1024,1024,1024,1024,1024</SysGainMin>
         </ExposureAttr>
         <DN_S>
            <StSenseLow>1000,0,300,0</StSenseLow>
            <stSenseNormal>800,0,450,0</stSenseNormal>
            <stSenseHigh>700,0,600,0</stSenseHigh>
         </DN_S>
         <Saturation>
            <Saturation_CSC>128, 128, 118, 118, 108, 108, 98, 88, 76, 76, 68, 68, 68, 68, 68, 68</Saturation_CSC>
            <Saturation_CCM>128, 128, 128, 128, 128, 128, 128, 128, 128, 128, 128, 128, 128, 128, 128, 128</Saturation_CCM>
         </Saturation>
         <Sharpen>
            <Enable>1</Enable>
            <OpType>1</OpType>
            <SharpenUd>50, 50, 40, 40, 35, 33, 25, 22, 15, 10, 10, 8, 5, 5, 5, 5</SharpenUd>
            <SharpenD>80, 80, 90, 90, 90, 90, 100, 130, 150, 160, 180, 200, 200, 200, 200, 200</SharpenD>
            <TextureThr>0, 0, 0, 0, 0, 0, 0, 0, 0, 0, 0, 0, 0, 0, 0, 0</TextureThr>
            <SharpenEdge>80, 70, 70, 60, 50, 60, 60, 60, 70, 80, 100, 120, 150, 180, 180, 200</SharpenEdge>
            <EdgeThr>90, 90, 90, 90, 90, 90, 90, 95, 100, 110, 120, 130, 150, 170, 180, 190</EdgeThr>
            <OverShoot>60, 60, 50, 50, 40, 40, 30, 20, 10, 0, 0, 0, 0, 0, 0, 0</OverShoot>
            <UnderShoot>100, 100, 100, 80, 80, 60, 60, 50, 50, 40, 20, 15, 15, 15, 15, 15</UnderShoot>
            <ShootSupStr>128, 128, 128, 100, 100, 94, 87, 72, 42, 27, 12, 0, 0, 0, 0, 0</ShootSupStr>
            <DetailCtrl>128, 128, 128, 128, 128, 128, 128, 128, 128, 128, 128, 128, 128, 128, 128, 128</DetailCtrl>
         </Sharpen>
         <VPSS_Sharpen>
            <OpType>1</OpType>
            <SharpenUd>0, 0, 0, 0, 0, 0, 0, 0, 0, 0, 0, 0, 0, 0, 0, 0</SharpenUd>
            <SharpenD>0, 0, 0, 0, 0, 0, 0, 0, 0, 0, 0, 0, 0, 0, 0, 0</SharpenD>
            <TextureThr>0, 0, 0, 0, 0, 0, 0, 0, 0, 0, 0, 0, 0, 0, 0, 0</TextureThr>
            <SharpenEdge>2, 3, 4, 5, 6, 8, 10, 14, 18, 20, 20, 20, 20, 20, 20, 20</SharpenEdge>
            <EdgeThd>0, 0, 0, 0, 0, 0, 0, 0, 0, 0, 0, 0, 0, 0, 0, 0</EdgeThd>
            <OverShoot>0, 0, 0, 0, 0, 0, 0, 0, 0, 0, 0, 0, 0, 0, 0, 0</OverShoot>
            <UnderShoot>0, 0, 0, 0, 0, 0, 0, 0, 0, 0, 0, 0, 0, 0, 0, 0</UnderShoot>
            <ShootSupStr>0, 0, 0, 0, 0, 0, 0, 0, 0, 0, 0, 0, 0, 0, 0, 0</ShootSupStr>
            <DetailCtrl>128, 128, 128, 128, 128, 128, 128, 128, 128, 128, 128, 128, 128, 128, 128, 128</DetailCtrl>
         </VPSS_Sharpen>
         <NR>
            <Enable>1</Enable>
            <CoarseStr_R>140, 140, 140, 140, 140, 140, 140, 140, 140, 140, 140, 140, 140, 140, 140, 140</CoarseStr_R>
            <CoarseStr_Gr>110, 110, 110, 110, 110, 110, 110, 110, 110, 110, 110, 110, 110, 110, 110, 110</CoarseStr_Gr>
            <CoarseStr_Gb>110, 110, 110, 110, 110, 110, 110, 110, 110, 110, 110, 110, 110, 110, 110, 110</CoarseStr_Gb>
            <CoarseStr_B>140, 140, 140, 140, 140, 140, 140, 140, 140, 140, 140, 140, 140, 140, 140, 140</CoarseStr_B>
            <CoringRatio>600, 600, 600, 600, 650, 650, 650, 650, 700, 700, 700, 700, 700, 700, 750, 750, 800, 800, 800, 850, 850, 850, 900, 900, 900, 950, 950, 950, 1000, 1000, 1000, 1000, 1000</CoringRatio>
            <OpType>1</OpType>
            <ChromaStr_R>1, 1, 1, 1, 2, 2, 2, 3, 3, 3, 3, 3, 3, 3, 3, 3</ChromaStr_R>
            <ChromaStr_Gr>0, 0, 0, 0, 1, 1, 1, 2, 2, 2, 2, 2, 2, 2, 2, 2</ChromaStr_Gr>
            <ChromaStr_Gb>0, 0, 0, 0, 1, 1, 1, 2, 2, 2, 2, 2, 2, 2, 2, 2</ChromaStr_Gb>
            <ChromaStr_B>1, 1, 1, 1, 2, 2, 2, 3, 3, 3, 3, 3, 3, 3, 3, 3</ChromaStr_B>
            <FineStr>100, 85, 75, 58, 52, 50, 40, 20, 0, 0, 0, 0, 0, 0, 0, 0</FineStr>
            <CoringWeight>500, 500, 600, 600, 500, 500, 500, 500, 500, 500, 0, 0, 0, 0, 0, 0</CoringWeight>
            <WDRCoarseStr_1>16, 16, 16, 16, 16, 16, 16, 16, 16, 16, 16, 16, 16, 16, 16, 16</WDRCoarseStr_1>
            <WDRCoarseStr_2>40, 40, 40, 40, 40, 40, 40, 40, 40, 40, 40, 40, 40, 40, 40, 40</WDRCoarseStr_2>
         </NR>
         <NR3D>
            <IES0>0, 0, 0, 0, 0, 0, 0, 0, 0, 0, 0, 0, 0, 0, 0, 0</IES0>
            <SBS0>120, 120, 130, 140, 150, 160, 180, 200, 210, 210, 220, 220, 220, 220, 220, 220</SBS0>
            <SBS1>0, 110, 120, 130, 130, 140, 160, 180, 200, 200, 200, 210, 210, 210, 210, 210</SBS1>
            <SBS2>70, 100, 100, 130, 140, 160, 180, 200, 200, 200, 200, 220, 230, 240, 240, 240</SBS2>
            <SBS3>10, 30, 40, 50, 60, 80, 90, 100, 110, 110, 110, 110, 110, 110, 110, 110</SBS3>
            <SDS0>120, 120, 130, 140, 150, 160, 180, 200, 210, 210, 220, 220, 220, 220, 220, 220</SDS0>
            <SDS1>70, 100, 100, 130, 140, 160, 180, 200, 200, 200, 200, 220, 230, 240, 240, 240</SDS1>
            <SDS2>0, 110, 120, 130, 130, 140, 160, 180, 200, 200, 200, 210, 210, 210, 210, 210</SDS2>
            <SDS3>10, 30, 40, 50, 60, 80, 90, 100, 110, 110, 110, 110, 110, 110, 110, 110</SDS3>
            <STH0>104, 104, 128, 128, 128, 128, 128, 138, 138, 138, 138, 128, 138, 150, 155, 152</STH0>
            <STH1>104, 104, 128, 128, 128, 128, 128, 138, 138, 138, 138, 128, 138, 150, 155, 152</STH1>
            <STH2>104, 104, 128, 128, 128, 128, 128, 138, 138, 138, 138, 128, 138, 150, 155, 152</STH2>
            <STH3>104, 104, 128, 128, 128, 128, 128, 138, 138, 138, 138, 128, 138, 150, 155, 152</STH3>
            <MDP>2, 2, 2, 2, 2, 2, 2, 2, 2, 2, 2, 2, 2, 2, 6, 6</MDP>
            <MATH1>90, 92, 95, 100, 105, 115, 120, 128, 146, 165, 180, 180, 180, 180, 180, 180</MATH1>
            <MATH2>90, 92, 95, 100, 105, 115, 120, 128, 146, 165, 180, 180, 180, 180, 180, 180</MATH2>
            <Pro3>0, 0, 0, 0, 0, 0, 0, 0, 0, 0, 0, 0, 0, 0, 0, 0</Pro3>
            <MDDZ1>32, 32, 32, 32, 32, 32, 32, 56, 80, 100, 128, 128, 150, 150, 200, 200</MDDZ1>
            <MDDZ2>32, 32, 32, 32, 32, 32, 32, 56, 80, 100, 128, 128, 150, 150, 200, 200</MDDZ2>
            <TFS1>8, 8, 8, 8, 9, 9, 9, 10, 10, 11, 11, 11, 11, 12, 12, 12</TFS1>
            <TFS2>8, 8, 8, 8, 9, 9, 9, 10, 10, 11, 11, 11, 11, 12, 12, 12</TFS2>
            <SFC>16, 24, 48, 64, 96, 96, 200, 200, 255, 255, 255, 255, 255, 255, 255, 255</SFC>
            <TFC>4, 4, 6, 6, 7, 10, 16, 20, 32, 32, 32, 32, 32, 32, 32, 32</TFC>
            <TPC>4, 4, 6, 6, 7, 10, 16, 20, 32, 32, 32, 32, 32, 32, 32, 32</TPC>
            <TRC>20, 40, 80, 100, 100, 150, 150, 200, 255, 255, 255, 255, 255, 255, 255, 255</TRC>
            <LNTH>0, 0, 0, 0, 0, 0, 0, 0, 0, 0, 0, 0, 0, 0, 0, 0</LNTH>
         </NR3D>
         <DemosaicAttr>
            <Enable>1</Enable>
            <OpType>1</OpType>
            <EdgeSmoothThr>16, 16, 16, 16, 16, 16, 1022, 1022, 1022, 1022, 1022, 1022, 1022, 1022, 1022, 1022</EdgeSmoothThr>
            <EdgeSmoothSlope>32, 32, 32, 32, 32, 32, 0, 0, 0, 0, 0, 0, 0, 0, 0, 0</EdgeSmoothSlope>
            <AntiAliasThr>53, 53, 53, 53, 53, 53, 1022, 1022, 1022, 1022, 1022, 1022, 1022, 1022, 1022, 1022</AntiAliasThr>
            <AntiAliasSlope>256, 256, 256, 256, 256, 256, 0, 0, 0, 0, 0, 0, 0, 0, 0, 0</AntiAliasSlope>
            <NrCoarseStr>8, 8, 8, 4, 4, 2, 1, 1, 1, 1, 1, 1, 1, 1, 1, 1</NrCoarseStr>
            <DetailEnhanceStr>4, 4, 4, 4, 2, 1, 0, 0, 0, 0, 0, 0, 0, 0, 0, 0</DetailEnhanceStr>
            <SharpenLumaStr>256, 256, 256, 256, 256, 256, 256, 256, 256, 256, 256, 256, 256, 256, 256, 256</SharpenLumaStr>
            <NoiseSuppressStr>0, 0, 0, 0, 0, 0, 0, 0, 0, 0, 0, 0, 0, 0, 0, 0</NoiseSuppressStr>
            <ColorNoiseCtrlThr>0, 0, 0, 0, 0, 0, 0, 0, 0, 0, 0, 0, 0, 0, 0, 0</ColorNoiseCtrlThr>
         </DemosaicAttr>
         <CSC>
            <Contrast>-6, -6, -3, -3, 0, 0, 0, 0, 0, 0, 0, 0, 0, 0, 0, 0</Contrast>
            <LumaVal>-6, -6, -3, -3, 0, 0, 0, 0, 0, 0, 0, 0, 0, 0, 0, 0</LumaVal>
         </CSC>
         <CAC>
            <Enable>1</Enable>
            <PurpleDetRange>100, 100, 100, 100, 100, 100, 100, 100, 100, 100, 100, 100, 100, 100, 100, 100</PurpleDetRange>
            <VarThr>0, 0, 0, 0, 0, 0, 0, 0, 0, 0, 0, 0, 0, 0, 0, 0</VarThr>
            <OpType>1</OpType>
            <DePurpleCrStr>8, 8, 8, 8, 8, 8, 8, 8, 8, 8, 8, 8, 8, 8, 8, 8</DePurpleCrStr>
            <DePurpleCbStr>8, 8, 8, 8, 8, 8, 8, 8, 8, 8, 8, 8, 8, 8, 8, 8</DePurpleCbStr>
         </CAC>
         <DRC>
            <Enable>1</Enable>
            <SpatialVar>6, 6, 6, 6, 6, 6, 6, 6, 6, 6, 6, 6, 6, 6, 6, 6</SpatialVar>
            <RangeVar>8, 8, 8, 8, 8, 8, 8, 8, 8, 8, 8, 8, 8, 8, 8, 8</RangeVar>
            <Asymmetry>2, 2, 2, 2, 2, 2, 2, 2, 2, 2, 2, 2, 2, 2, 2, 2</Asymmetry>
            <SecondPole>180, 180, 180, 180, 180, 180, 180, 180, 180, 180, 180, 180, 180, 180, 180, 180</SecondPole>
            <Stretch>54, 54, 54, 54, 54, 54, 54, 54, 54, 54, 54, 54, 54, 54, 54, 54</Stretch>
            <Compress>180, 180, 180, 180, 180, 180, 180, 180, 180, 180, 180, 180, 180, 180, 180, 180</Compress>
            <PDStrength>35, 35, 35, 35, 35, 35, 35, 35, 35, 35, 35, 35, 35, 35, 35, 35</PDStrength>
            <LocalMixingBrigtht>64, 64, 64, 64, 64, 64, 64, 64, 64, 64, 64, 64, 64, 64, 64, 64</LocalMixingBrigtht>
            <LocalMixingDark>45, 45, 45, 45, 45, 45, 45, 45, 45, 45, 45, 45, 45, 45, 45, 45</LocalMixingDark>
            <ColorCorrectionLut>1024, 1024, 1024, 1024, 1024, 1024, 1024, 1024, 1024, 1024, 1024, 1024, 1024, 1024, 1024, 1024, 1024, 1024, 1024, 1024, 1024, 1024, 1024, 1024, 1024, 1024, 1024, 1024, 1024, 1024, 1024, 1024, 1024</ColorCorrectionLut>
            <OpType>1</OpType>
            <Strength>60,55,50,45,40,30,20,10,0,0,0,0,0,0,0,0</Strength>
         </DRC>
         <DP_Dynamic>
            <Enable>1</Enable>
            <SupTwinkleEn>1</SupTwinkleEn>
            <SoftThr>6, 6, 6, 6, 6, 6, 6, 6, 6, 6, 6, 6, 6, 6, 6, 6</SoftThr>
            <SoftSlope>51, 51, 51, 51, 51, 51, 51, 51, 51, 51, 51, 51, 51, 51, 51, 51</SoftSlope>
            <ISP_OP_TYPE_E>1</ISP_OP_TYPE_E>
            <Strength>100, 100, 150, 150, 150, 200, 220, 220, 220, 220, 252, 252, 252, 252, 252, 252</Strength>
            <BlendRatio>0, 0, 0, 0, 0, 0, 0, 0, 0, 0, 50, 50, 50, 50, 50, 50</BlendRatio>
         </DP_Dynamic>
         <DEFOG>
            <Enable>1</Enable>
            <Strength>80, 80, 80, 80, 80, 80, 80, 80, 80, 80, 80, 80, 80, 80, 80, 80</Strength>
         </DEFOG>
         <DCI>
            <Enable>0</Enable>
            <BlackStretchEn>0</BlackStretchEn>
            <ManBlendEn>0</ManBlendEn>
            <BlackGain>32, 32, 32, 32, 32, 32, 32, 32, 32, 32, 32, 32, 32, 32, 32, 32</BlackGain>
            <ContrastGain>32, 32, 32, 32, 32, 32, 32, 32, 32, 32, 32, 32, 32, 32, 32, 32</ContrastGain>
            <LightGain>32, 32, 32, 32, 32, 32, 32, 32, 32, 32, 32, 32, 32, 32, 32, 32</LightGain>
            <BlendRatio>0</BlendRatio>
         </DCI>
         <BLC>
            <Blc_R>256, 256, 256, 256, 256, 256, 256, 256, 256, 256, 256, 256, 256, 256, 256, 256</Blc_R>
            <Blc_Gr>256, 256, 256, 256, 256, 256, 256, 256, 256, 256, 256, 256, 256, 256, 256, 256</Blc_Gr>
            <Blc_Gb>256, 256, 256, 256, 256, 256, 256, 256, 256, 256, 256, 256, 256, 256, 256, 256</Blc_Gb>
            <Blc_B>256, 256, 256, 256, 256, 256, 256, 256, 256, 256, 256, 256, 256, 256, 256, 256</Blc_B>
         </BLC>
      </Base>
      <Level1>
      </Level1>
      <Level2>
         <DEFOG>
            <Enable>1</Enable>
            <Strength>86, 86, 86, 86, 86, 86, 86, 86, 86, 86, 86, 86, 86, 86, 86, 86</Strength>
         </DEFOG>
      </Level2>
      <Level3>
         <DEFOG>
            <Enable>1</Enable>
            <Strength>92, 92, 92, 92, 92, 92, 92, 92, 92, 92, 92, 92, 92, 92, 92, 92</Strength>
         </DEFOG>
      </Level3>
      <Level4>
         <DEFOG>
            <Enable>1</Enable>
            <Strength>98, 98, 98, 98, 98, 98, 98, 98, 98, 98, 98, 98, 98, 98, 98, 98</Strength>
         </DEFOG>
      </Level4>
      <Level5>
         <DEFOG>
            <Enable>1</Enable>
            <Strength>104, 104, 104, 104, 104, 104, 104, 104, 104, 104, 104, 104, 104, 104, 104, 104</Strength>
         </DEFOG>
      </Level5>
      <Level6>
         <DEFOG>
            <Enable>1</Enable>
            <Strength>110, 110, 110, 110, 110, 110, 110, 110, 110, 110, 110, 110, 110, 110, 110, 110</Strength>
         </DEFOG>
      </Level6>
      <Level7>
         <DEFOG>
            <Enable>1</Enable>
            <Strength>116, 116, 116, 116, 116, 116, 116, 116, 116, 116, 116, 116, 116, 116, 116, 116</Strength>
         </DEFOG>
      </Level7>
      <Level8>
         <DEFOG>
            <Enable>1</Enable>
            <Strength>122, 122, 122, 122, 122, 122, 122, 122, 122, 122, 122, 122, 122, 122, 122, 122</Strength>
         </DEFOG>
      </Level8>
      <Level9>
         <DEFOG>
            <Enable>1</Enable>
            <Strength>128, 128, 128, 128, 128, 128, 128, 128, 128, 128, 128, 128, 128, 128, 128, 128</Strength>
         </DEFOG>
      </Level9>
   </DEFOG> 
</ISP>